
*** Running vivado
    with args -log system_wrapper.vdi -applog -m64 -product Vivado -messageDb vivado.pb -mode batch -source system_wrapper.tcl -notrace



****** Vivado v2023.1 (64-bit)
  **** SW Build 3865809 on Sun May  7 15:05:29 MDT 2023
  **** IP Build 3864474 on Sun May  7 20:36:21 MDT 2023
  **** SharedData Build 3865790 on Sun May 07 13:33:03 MDT 2023
    ** Copyright 1986-2022 Xilinx, Inc. All Rights Reserved.
    ** Copyright 2022-2023 Advanced Micro Devices, Inc. All Rights Reserved.

source system_wrapper.tcl -notrace
create_project: Time (s): cpu = 00:00:01 ; elapsed = 00:00:06 . Memory (MB): peak = 1381.457 ; gain = 161.129
INFO: [IP_Flow 19-234] Refreshing IP repositories
INFO: [IP_Flow 19-1700] Loaded user IP repository 'e:/vivao_workspace/SystemC/pl_reg_acc_conv'.
INFO: [IP_Flow 19-2313] Loaded Vivado IP repository 'C:/Xilinx/Vivado/2023.1/data/ip'.
add_files: Time (s): cpu = 00:00:00 ; elapsed = 00:00:05 . Memory (MB): peak = 1525.266 ; gain = 100.457
Command: link_design -top system_wrapper -part xczu19eg_SE-ffvc1760-2-i
Design is defaulting to srcset: sources_1
Design is defaulting to constrset: constrs_1
INFO: [Device 21-403] Loading part xczu19eg_SE-ffvc1760-2-i
WARNING: [Device 21-425] Part: xczu19eg_se is not listed in special parts list.
INFO: [Project 1-454] Reading design checkpoint 'e:/vivao_workspace/SystemC/719C_PL_CONV_ACC/719C_PL_CONV_ACC.gen/sources_1/ip/fifo_signal_transfer/fifo_signal_transfer.dcp' for cell 'Conv_Acc_inst/fifo_signal_transfer_inst'
INFO: [Project 1-454] Reading design checkpoint 'e:/vivao_workspace/SystemC/719C_PL_CONV_ACC/719C_PL_CONV_ACC.gen/sources_1/ip/fifo_acc/fifo_acc.dcp' for cell 'Conv_Acc_inst/input_fifo'
INFO: [Project 1-454] Reading design checkpoint 'e:/vivao_workspace/SystemC/719C_PL_CONV_ACC/719C_PL_CONV_ACC.gen/sources_1/ip/pll/pll.dcp' for cell 'Conv_Acc_inst/instance_name'
INFO: [Project 1-454] Reading design checkpoint 'e:/vivao_workspace/SystemC/719C_PL_CONV_ACC/719C_PL_CONV_ACC.gen/sources_1/ip/blk_mem/blk_mem.dcp' for cell 'Conv_Acc_inst/bram_mac_inst/blk_mem_inst'
INFO: [Project 1-454] Reading design checkpoint 'e:/vivao_workspace/SystemC/719C_PL_CONV_ACC/719C_PL_CONV_ACC.gen/sources_1/ip/ila_bram_mac/ila_bram_mac.dcp' for cell 'Conv_Acc_inst/bram_mac_inst/your_instance_name'
INFO: [Project 1-454] Reading design checkpoint 'e:/vivao_workspace/SystemC/719C_PL_CONV_ACC/719C_PL_CONV_ACC.gen/sources_1/ip/fifo_conv_window/fifo_conv_window.dcp' for cell 'Conv_Acc_inst/conv_window_inst/fifo1'
INFO: [Project 1-454] Reading design checkpoint 'e:/vivao_workspace/SystemC/719C_PL_CONV_ACC/719C_PL_CONV_ACC.gen/sources_1/bd/system/ip/system_axi_bram_ctrl_0_0/system_axi_bram_ctrl_0_0.dcp' for cell 'system_i/axi_bram_ctrl_0'
INFO: [Project 1-454] Reading design checkpoint 'e:/vivao_workspace/SystemC/719C_PL_CONV_ACC/719C_PL_CONV_ACC.gen/sources_1/bd/system/ip/system_axi_dma_0_0/system_axi_dma_0_0.dcp' for cell 'system_i/axi_dma_0'
INFO: [Project 1-454] Reading design checkpoint 'e:/vivao_workspace/SystemC/719C_PL_CONV_ACC/719C_PL_CONV_ACC.gen/sources_1/bd/system/ip/system_axi_smc_0/system_axi_smc_0.dcp' for cell 'system_i/axi_smc'
INFO: [Project 1-454] Reading design checkpoint 'e:/vivao_workspace/SystemC/719C_PL_CONV_ACC/719C_PL_CONV_ACC.gen/sources_1/bd/system/ip/system_blk_mem_gen_0_0/system_blk_mem_gen_0_0.dcp' for cell 'system_i/blk_mem_gen_0'
INFO: [Project 1-454] Reading design checkpoint 'e:/vivao_workspace/SystemC/719C_PL_CONV_ACC/719C_PL_CONV_ACC.gen/sources_1/bd/system/ip/system_pl_reg0_v1_0_0_0/system_pl_reg0_v1_0_0_0.dcp' for cell 'system_i/pl_reg0_v1_0_0'
INFO: [Project 1-454] Reading design checkpoint 'e:/vivao_workspace/SystemC/719C_PL_CONV_ACC/719C_PL_CONV_ACC.gen/sources_1/bd/system/ip/system_rst_ps7_0_100M_0/system_rst_ps7_0_100M_0.dcp' for cell 'system_i/rst_ps7_0_100M'
INFO: [Project 1-454] Reading design checkpoint 'e:/vivao_workspace/SystemC/719C_PL_CONV_ACC/719C_PL_CONV_ACC.gen/sources_1/bd/system/ip/system_system_ila_0_0/system_system_ila_0_0.dcp' for cell 'system_i/system_ila_0'
INFO: [Project 1-454] Reading design checkpoint 'e:/vivao_workspace/SystemC/719C_PL_CONV_ACC/719C_PL_CONV_ACC.gen/sources_1/bd/system/ip/system_zynq_ultra_ps_e_0_0/system_zynq_ultra_ps_e_0_0.dcp' for cell 'system_i/zynq_ultra_ps_e_0'
INFO: [Project 1-454] Reading design checkpoint 'e:/vivao_workspace/SystemC/719C_PL_CONV_ACC/719C_PL_CONV_ACC.gen/sources_1/bd/system/ip/system_xbar_0/system_xbar_0.dcp' for cell 'system_i/ps7_0_axi_periph/xbar'
INFO: [Project 1-454] Reading design checkpoint 'e:/vivao_workspace/SystemC/719C_PL_CONV_ACC/719C_PL_CONV_ACC.gen/sources_1/bd/system/ip/system_auto_pc_0/system_auto_pc_0.dcp' for cell 'system_i/ps7_0_axi_periph/s00_couplers/auto_pc'
Netlist sorting complete. Time (s): cpu = 00:00:00 ; elapsed = 00:00:01 . Memory (MB): peak = 2914.164 ; gain = 0.000
INFO: [Netlist 29-17] Analyzing 941 Unisim elements for replacement
INFO: [Netlist 29-28] Unisim Transformation completed in 0 CPU seconds
INFO: [Project 1-479] Netlist was created with Vivado 2023.1
INFO: [Project 1-570] Preparing netlist for logic optimization
INFO: [Chipscope 16-324] Core: Conv_Acc_inst/bram_mac_inst/your_instance_name UUID: 42604530-1539-5b83-b365-87054ca146f4 
INFO: [Chipscope 16-324] Core: system_i/system_ila_0/inst/ila_lib UUID: 45d3035b-fe74-5890-a869-ed7d93cda129 
Parsing XDC File [e:/vivao_workspace/SystemC/719C_PL_CONV_ACC/719C_PL_CONV_ACC.gen/sources_1/bd/system/ip/system_axi_dma_0_0/system_axi_dma_0_0.xdc] for cell 'system_i/axi_dma_0/U0'
WARNING: [Vivado_Tcl 4-921] Waiver ID 'CDC-1' -to list should not be empty. [e:/vivao_workspace/SystemC/719C_PL_CONV_ACC/719C_PL_CONV_ACC.gen/sources_1/bd/system/ip/system_axi_dma_0_0/system_axi_dma_0_0.xdc:52]
WARNING: [Vivado_Tcl 4-921] Waiver ID 'CDC-1' -to list should not be empty. [e:/vivao_workspace/SystemC/719C_PL_CONV_ACC/719C_PL_CONV_ACC.gen/sources_1/bd/system/ip/system_axi_dma_0_0/system_axi_dma_0_0.xdc:56]
WARNING: [Vivado_Tcl 4-919] Waiver ID 'CDC-1' -from list should not be empty. [e:/vivao_workspace/SystemC/719C_PL_CONV_ACC/719C_PL_CONV_ACC.gen/sources_1/bd/system/ip/system_axi_dma_0_0/system_axi_dma_0_0.xdc:61]
Finished Parsing XDC File [e:/vivao_workspace/SystemC/719C_PL_CONV_ACC/719C_PL_CONV_ACC.gen/sources_1/bd/system/ip/system_axi_dma_0_0/system_axi_dma_0_0.xdc] for cell 'system_i/axi_dma_0/U0'
Parsing XDC File [e:/vivao_workspace/SystemC/719C_PL_CONV_ACC/719C_PL_CONV_ACC.gen/sources_1/bd/system/ip/system_axi_smc_0/bd_0/ip/ip_1/bd_44e3_psr_aclk_0_board.xdc] for cell 'system_i/axi_smc/inst/clk_map/psr_aclk/U0'
Finished Parsing XDC File [e:/vivao_workspace/SystemC/719C_PL_CONV_ACC/719C_PL_CONV_ACC.gen/sources_1/bd/system/ip/system_axi_smc_0/bd_0/ip/ip_1/bd_44e3_psr_aclk_0_board.xdc] for cell 'system_i/axi_smc/inst/clk_map/psr_aclk/U0'
Parsing XDC File [e:/vivao_workspace/SystemC/719C_PL_CONV_ACC/719C_PL_CONV_ACC.gen/sources_1/bd/system/ip/system_axi_smc_0/bd_0/ip/ip_1/bd_44e3_psr_aclk_0.xdc] for cell 'system_i/axi_smc/inst/clk_map/psr_aclk/U0'
Finished Parsing XDC File [e:/vivao_workspace/SystemC/719C_PL_CONV_ACC/719C_PL_CONV_ACC.gen/sources_1/bd/system/ip/system_axi_smc_0/bd_0/ip/ip_1/bd_44e3_psr_aclk_0.xdc] for cell 'system_i/axi_smc/inst/clk_map/psr_aclk/U0'
Parsing XDC File [e:/vivao_workspace/SystemC/719C_PL_CONV_ACC/719C_PL_CONV_ACC.gen/sources_1/bd/system/ip/system_rst_ps7_0_100M_0/system_rst_ps7_0_100M_0_board.xdc] for cell 'system_i/rst_ps7_0_100M/U0'
Finished Parsing XDC File [e:/vivao_workspace/SystemC/719C_PL_CONV_ACC/719C_PL_CONV_ACC.gen/sources_1/bd/system/ip/system_rst_ps7_0_100M_0/system_rst_ps7_0_100M_0_board.xdc] for cell 'system_i/rst_ps7_0_100M/U0'
Parsing XDC File [e:/vivao_workspace/SystemC/719C_PL_CONV_ACC/719C_PL_CONV_ACC.gen/sources_1/bd/system/ip/system_rst_ps7_0_100M_0/system_rst_ps7_0_100M_0.xdc] for cell 'system_i/rst_ps7_0_100M/U0'
Finished Parsing XDC File [e:/vivao_workspace/SystemC/719C_PL_CONV_ACC/719C_PL_CONV_ACC.gen/sources_1/bd/system/ip/system_rst_ps7_0_100M_0/system_rst_ps7_0_100M_0.xdc] for cell 'system_i/rst_ps7_0_100M/U0'
Parsing XDC File [e:/vivao_workspace/SystemC/719C_PL_CONV_ACC/719C_PL_CONV_ACC.gen/sources_1/bd/system/ip/system_system_ila_0_0/bd_0/ip/ip_0/ila_v6_2/constraints/ila_impl.xdc] for cell 'system_i/system_ila_0/inst/ila_lib/inst'
Finished Parsing XDC File [e:/vivao_workspace/SystemC/719C_PL_CONV_ACC/719C_PL_CONV_ACC.gen/sources_1/bd/system/ip/system_system_ila_0_0/bd_0/ip/ip_0/ila_v6_2/constraints/ila_impl.xdc] for cell 'system_i/system_ila_0/inst/ila_lib/inst'
Parsing XDC File [e:/vivao_workspace/SystemC/719C_PL_CONV_ACC/719C_PL_CONV_ACC.gen/sources_1/bd/system/ip/system_system_ila_0_0/bd_0/ip/ip_0/ila_v6_2/constraints/ila.xdc] for cell 'system_i/system_ila_0/inst/ila_lib/inst'
Finished Parsing XDC File [e:/vivao_workspace/SystemC/719C_PL_CONV_ACC/719C_PL_CONV_ACC.gen/sources_1/bd/system/ip/system_system_ila_0_0/bd_0/ip/ip_0/ila_v6_2/constraints/ila.xdc] for cell 'system_i/system_ila_0/inst/ila_lib/inst'
Parsing XDC File [e:/vivao_workspace/SystemC/719C_PL_CONV_ACC/719C_PL_CONV_ACC.gen/sources_1/bd/system/ip/system_zynq_ultra_ps_e_0_0/system_zynq_ultra_ps_e_0_0.xdc] for cell 'system_i/zynq_ultra_ps_e_0/inst'
Finished Parsing XDC File [e:/vivao_workspace/SystemC/719C_PL_CONV_ACC/719C_PL_CONV_ACC.gen/sources_1/bd/system/ip/system_zynq_ultra_ps_e_0_0/system_zynq_ultra_ps_e_0_0.xdc] for cell 'system_i/zynq_ultra_ps_e_0/inst'
Parsing XDC File [e:/vivao_workspace/SystemC/719C_PL_CONV_ACC/719C_PL_CONV_ACC.gen/sources_1/ip/fifo_acc/fifo_acc.xdc] for cell 'Conv_Acc_inst/input_fifo/U0'
Finished Parsing XDC File [e:/vivao_workspace/SystemC/719C_PL_CONV_ACC/719C_PL_CONV_ACC.gen/sources_1/ip/fifo_acc/fifo_acc.xdc] for cell 'Conv_Acc_inst/input_fifo/U0'
Parsing XDC File [e:/vivao_workspace/SystemC/719C_PL_CONV_ACC/719C_PL_CONV_ACC.gen/sources_1/ip/fifo_acc/fifo_acc.xdc] for cell 'Conv_Acc_inst/output_fifo/U0'
Finished Parsing XDC File [e:/vivao_workspace/SystemC/719C_PL_CONV_ACC/719C_PL_CONV_ACC.gen/sources_1/ip/fifo_acc/fifo_acc.xdc] for cell 'Conv_Acc_inst/output_fifo/U0'
Parsing XDC File [e:/vivao_workspace/SystemC/719C_PL_CONV_ACC/719C_PL_CONV_ACC.gen/sources_1/ip/pll/pll_board.xdc] for cell 'Conv_Acc_inst/instance_name/inst'
Finished Parsing XDC File [e:/vivao_workspace/SystemC/719C_PL_CONV_ACC/719C_PL_CONV_ACC.gen/sources_1/ip/pll/pll_board.xdc] for cell 'Conv_Acc_inst/instance_name/inst'
Parsing XDC File [e:/vivao_workspace/SystemC/719C_PL_CONV_ACC/719C_PL_CONV_ACC.gen/sources_1/ip/pll/pll.xdc] for cell 'Conv_Acc_inst/instance_name/inst'
Finished Parsing XDC File [e:/vivao_workspace/SystemC/719C_PL_CONV_ACC/719C_PL_CONV_ACC.gen/sources_1/ip/pll/pll.xdc] for cell 'Conv_Acc_inst/instance_name/inst'
Parsing XDC File [e:/vivao_workspace/SystemC/719C_PL_CONV_ACC/719C_PL_CONV_ACC.gen/sources_1/ip/fifo_signal_transfer/fifo_signal_transfer.xdc] for cell 'Conv_Acc_inst/fifo_signal_transfer_inst/U0'
Finished Parsing XDC File [e:/vivao_workspace/SystemC/719C_PL_CONV_ACC/719C_PL_CONV_ACC.gen/sources_1/ip/fifo_signal_transfer/fifo_signal_transfer.xdc] for cell 'Conv_Acc_inst/fifo_signal_transfer_inst/U0'
Parsing XDC File [e:/vivao_workspace/SystemC/719C_PL_CONV_ACC/719C_PL_CONV_ACC.gen/sources_1/ip/ila_bram_mac/ila_v6_2/constraints/ila_impl.xdc] for cell 'Conv_Acc_inst/bram_mac_inst/your_instance_name/inst'
Finished Parsing XDC File [e:/vivao_workspace/SystemC/719C_PL_CONV_ACC/719C_PL_CONV_ACC.gen/sources_1/ip/ila_bram_mac/ila_v6_2/constraints/ila_impl.xdc] for cell 'Conv_Acc_inst/bram_mac_inst/your_instance_name/inst'
Parsing XDC File [e:/vivao_workspace/SystemC/719C_PL_CONV_ACC/719C_PL_CONV_ACC.gen/sources_1/ip/ila_bram_mac/ila_v6_2/constraints/ila.xdc] for cell 'Conv_Acc_inst/bram_mac_inst/your_instance_name/inst'
Finished Parsing XDC File [e:/vivao_workspace/SystemC/719C_PL_CONV_ACC/719C_PL_CONV_ACC.gen/sources_1/ip/ila_bram_mac/ila_v6_2/constraints/ila.xdc] for cell 'Conv_Acc_inst/bram_mac_inst/your_instance_name/inst'
Parsing XDC File [e:/vivao_workspace/SystemC/719C_PL_CONV_ACC/719C_PL_CONV_ACC.gen/sources_1/ip/fifo_conv_window/fifo_conv_window.xdc] for cell 'Conv_Acc_inst/conv_window_inst/fifo1/U0'
Finished Parsing XDC File [e:/vivao_workspace/SystemC/719C_PL_CONV_ACC/719C_PL_CONV_ACC.gen/sources_1/ip/fifo_conv_window/fifo_conv_window.xdc] for cell 'Conv_Acc_inst/conv_window_inst/fifo1/U0'
Parsing XDC File [e:/vivao_workspace/SystemC/719C_PL_CONV_ACC/719C_PL_CONV_ACC.gen/sources_1/ip/fifo_conv_window/fifo_conv_window.xdc] for cell 'Conv_Acc_inst/conv_window_inst/fifo2/U0'
Finished Parsing XDC File [e:/vivao_workspace/SystemC/719C_PL_CONV_ACC/719C_PL_CONV_ACC.gen/sources_1/ip/fifo_conv_window/fifo_conv_window.xdc] for cell 'Conv_Acc_inst/conv_window_inst/fifo2/U0'
Parsing XDC File [e:/vivao_workspace/SystemC/719C_PL_CONV_ACC/719C_PL_CONV_ACC.gen/sources_1/bd/system/ip/system_axi_dma_0_0/system_axi_dma_0_0_clocks.xdc] for cell 'system_i/axi_dma_0/U0'
Finished Parsing XDC File [e:/vivao_workspace/SystemC/719C_PL_CONV_ACC/719C_PL_CONV_ACC.gen/sources_1/bd/system/ip/system_axi_dma_0_0/system_axi_dma_0_0_clocks.xdc] for cell 'system_i/axi_dma_0/U0'
Parsing XDC File [e:/vivao_workspace/SystemC/719C_PL_CONV_ACC/719C_PL_CONV_ACC.gen/sources_1/ip/fifo_acc/fifo_acc_clocks.xdc] for cell 'Conv_Acc_inst/input_fifo/U0'
Finished Parsing XDC File [e:/vivao_workspace/SystemC/719C_PL_CONV_ACC/719C_PL_CONV_ACC.gen/sources_1/ip/fifo_acc/fifo_acc_clocks.xdc] for cell 'Conv_Acc_inst/input_fifo/U0'
Parsing XDC File [e:/vivao_workspace/SystemC/719C_PL_CONV_ACC/719C_PL_CONV_ACC.gen/sources_1/ip/fifo_acc/fifo_acc_clocks.xdc] for cell 'Conv_Acc_inst/output_fifo/U0'
Finished Parsing XDC File [e:/vivao_workspace/SystemC/719C_PL_CONV_ACC/719C_PL_CONV_ACC.gen/sources_1/ip/fifo_acc/fifo_acc_clocks.xdc] for cell 'Conv_Acc_inst/output_fifo/U0'
Parsing XDC File [e:/vivao_workspace/SystemC/719C_PL_CONV_ACC/719C_PL_CONV_ACC.gen/sources_1/ip/pll/pll_late.xdc] for cell 'Conv_Acc_inst/instance_name/inst'
Finished Parsing XDC File [e:/vivao_workspace/SystemC/719C_PL_CONV_ACC/719C_PL_CONV_ACC.gen/sources_1/ip/pll/pll_late.xdc] for cell 'Conv_Acc_inst/instance_name/inst'
Parsing XDC File [e:/vivao_workspace/SystemC/719C_PL_CONV_ACC/719C_PL_CONV_ACC.gen/sources_1/ip/fifo_signal_transfer/fifo_signal_transfer_clocks.xdc] for cell 'Conv_Acc_inst/fifo_signal_transfer_inst/U0'
Finished Parsing XDC File [e:/vivao_workspace/SystemC/719C_PL_CONV_ACC/719C_PL_CONV_ACC.gen/sources_1/ip/fifo_signal_transfer/fifo_signal_transfer_clocks.xdc] for cell 'Conv_Acc_inst/fifo_signal_transfer_inst/U0'
INFO: [Project 1-1714] 105 XPM XDC files have been applied to the design.
INFO: [Opt 31-138] Pushed 0 inverter(s) to 0 load pin(s).
INFO: [Opt 31-422] The CLOCK_DOMAINS attribute on the BRAM cell system_i/blk_mem_gen_0/U0/inst_blk_mem_gen/gnbram.gnative_mem_map_bmg.native_mem_map_blk_mem_gen/valid.cstr/ramloop[0].ram.r/prim_noinit.ram/DEVICE_8SERIES.WITH_BMM_INFO.TRUE_DP.CASCADED_PRIM36_TDP.ram_B has been changed from INDEPENDENT to COMMON to match the clocking topology used for the BRAM.
INFO: [Opt 31-422] The CLOCK_DOMAINS attribute on the BRAM cell system_i/blk_mem_gen_0/U0/inst_blk_mem_gen/gnbram.gnative_mem_map_bmg.native_mem_map_blk_mem_gen/valid.cstr/ramloop[0].ram.r/prim_noinit.ram/DEVICE_8SERIES.WITH_BMM_INFO.TRUE_DP.CASCADED_PRIM36_TDP.ram_T has been changed from INDEPENDENT to COMMON to match the clocking topology used for the BRAM.
INFO: [Opt 31-422] The CLOCK_DOMAINS attribute on the BRAM cell system_i/blk_mem_gen_0/U0/inst_blk_mem_gen/gnbram.gnative_mem_map_bmg.native_mem_map_blk_mem_gen/valid.cstr/ramloop[100].ram.r/prim_noinit.ram/DEVICE_8SERIES.WITH_BMM_INFO.TRUE_DP.CASCADED_PRIM36_TDP.ram_B has been changed from INDEPENDENT to COMMON to match the clocking topology used for the BRAM.
INFO: [Opt 31-422] The CLOCK_DOMAINS attribute on the BRAM cell system_i/blk_mem_gen_0/U0/inst_blk_mem_gen/gnbram.gnative_mem_map_bmg.native_mem_map_blk_mem_gen/valid.cstr/ramloop[100].ram.r/prim_noinit.ram/DEVICE_8SERIES.WITH_BMM_INFO.TRUE_DP.CASCADED_PRIM36_TDP.ram_T has been changed from INDEPENDENT to COMMON to match the clocking topology used for the BRAM.
INFO: [Opt 31-422] The CLOCK_DOMAINS attribute on the BRAM cell system_i/blk_mem_gen_0/U0/inst_blk_mem_gen/gnbram.gnative_mem_map_bmg.native_mem_map_blk_mem_gen/valid.cstr/ramloop[101].ram.r/prim_noinit.ram/DEVICE_8SERIES.WITH_BMM_INFO.TRUE_DP.CASCADED_PRIM36_TDP.ram_B has been changed from INDEPENDENT to COMMON to match the clocking topology used for the BRAM.
INFO: [Opt 31-422] The CLOCK_DOMAINS attribute on the BRAM cell system_i/blk_mem_gen_0/U0/inst_blk_mem_gen/gnbram.gnative_mem_map_bmg.native_mem_map_blk_mem_gen/valid.cstr/ramloop[101].ram.r/prim_noinit.ram/DEVICE_8SERIES.WITH_BMM_INFO.TRUE_DP.CASCADED_PRIM36_TDP.ram_T has been changed from INDEPENDENT to COMMON to match the clocking topology used for the BRAM.
INFO: [Opt 31-422] The CLOCK_DOMAINS attribute on the BRAM cell system_i/blk_mem_gen_0/U0/inst_blk_mem_gen/gnbram.gnative_mem_map_bmg.native_mem_map_blk_mem_gen/valid.cstr/ramloop[102].ram.r/prim_noinit.ram/DEVICE_8SERIES.WITH_BMM_INFO.TRUE_DP.CASCADED_PRIM36_TDP.ram_B has been changed from INDEPENDENT to COMMON to match the clocking topology used for the BRAM.
INFO: [Opt 31-422] The CLOCK_DOMAINS attribute on the BRAM cell system_i/blk_mem_gen_0/U0/inst_blk_mem_gen/gnbram.gnative_mem_map_bmg.native_mem_map_blk_mem_gen/valid.cstr/ramloop[102].ram.r/prim_noinit.ram/DEVICE_8SERIES.WITH_BMM_INFO.TRUE_DP.CASCADED_PRIM36_TDP.ram_T has been changed from INDEPENDENT to COMMON to match the clocking topology used for the BRAM.
INFO: [Opt 31-422] The CLOCK_DOMAINS attribute on the BRAM cell system_i/blk_mem_gen_0/U0/inst_blk_mem_gen/gnbram.gnative_mem_map_bmg.native_mem_map_blk_mem_gen/valid.cstr/ramloop[103].ram.r/prim_noinit.ram/DEVICE_8SERIES.WITH_BMM_INFO.TRUE_DP.CASCADED_PRIM36_TDP.ram_B has been changed from INDEPENDENT to COMMON to match the clocking topology used for the BRAM.
INFO: [Opt 31-422] The CLOCK_DOMAINS attribute on the BRAM cell system_i/blk_mem_gen_0/U0/inst_blk_mem_gen/gnbram.gnative_mem_map_bmg.native_mem_map_blk_mem_gen/valid.cstr/ramloop[103].ram.r/prim_noinit.ram/DEVICE_8SERIES.WITH_BMM_INFO.TRUE_DP.CASCADED_PRIM36_TDP.ram_T has been changed from INDEPENDENT to COMMON to match the clocking topology used for the BRAM.
INFO: [Opt 31-422] The CLOCK_DOMAINS attribute on the BRAM cell system_i/blk_mem_gen_0/U0/inst_blk_mem_gen/gnbram.gnative_mem_map_bmg.native_mem_map_blk_mem_gen/valid.cstr/ramloop[104].ram.r/prim_noinit.ram/DEVICE_8SERIES.WITH_BMM_INFO.TRUE_DP.CASCADED_PRIM36_TDP.ram_B has been changed from INDEPENDENT to COMMON to match the clocking topology used for the BRAM.
INFO: [Opt 31-422] The CLOCK_DOMAINS attribute on the BRAM cell system_i/blk_mem_gen_0/U0/inst_blk_mem_gen/gnbram.gnative_mem_map_bmg.native_mem_map_blk_mem_gen/valid.cstr/ramloop[104].ram.r/prim_noinit.ram/DEVICE_8SERIES.WITH_BMM_INFO.TRUE_DP.CASCADED_PRIM36_TDP.ram_T has been changed from INDEPENDENT to COMMON to match the clocking topology used for the BRAM.
INFO: [Opt 31-422] The CLOCK_DOMAINS attribute on the BRAM cell system_i/blk_mem_gen_0/U0/inst_blk_mem_gen/gnbram.gnative_mem_map_bmg.native_mem_map_blk_mem_gen/valid.cstr/ramloop[105].ram.r/prim_noinit.ram/DEVICE_8SERIES.WITH_BMM_INFO.TRUE_DP.CASCADED_PRIM36_TDP.ram_B has been changed from INDEPENDENT to COMMON to match the clocking topology used for the BRAM.
INFO: [Opt 31-422] The CLOCK_DOMAINS attribute on the BRAM cell system_i/blk_mem_gen_0/U0/inst_blk_mem_gen/gnbram.gnative_mem_map_bmg.native_mem_map_blk_mem_gen/valid.cstr/ramloop[105].ram.r/prim_noinit.ram/DEVICE_8SERIES.WITH_BMM_INFO.TRUE_DP.CASCADED_PRIM36_TDP.ram_T has been changed from INDEPENDENT to COMMON to match the clocking topology used for the BRAM.
INFO: [Opt 31-422] The CLOCK_DOMAINS attribute on the BRAM cell system_i/blk_mem_gen_0/U0/inst_blk_mem_gen/gnbram.gnative_mem_map_bmg.native_mem_map_blk_mem_gen/valid.cstr/ramloop[106].ram.r/prim_noinit.ram/DEVICE_8SERIES.WITH_BMM_INFO.TRUE_DP.CASCADED_PRIM36_TDP.ram_B has been changed from INDEPENDENT to COMMON to match the clocking topology used for the BRAM.
INFO: [Opt 31-422] The CLOCK_DOMAINS attribute on the BRAM cell system_i/blk_mem_gen_0/U0/inst_blk_mem_gen/gnbram.gnative_mem_map_bmg.native_mem_map_blk_mem_gen/valid.cstr/ramloop[106].ram.r/prim_noinit.ram/DEVICE_8SERIES.WITH_BMM_INFO.TRUE_DP.CASCADED_PRIM36_TDP.ram_T has been changed from INDEPENDENT to COMMON to match the clocking topology used for the BRAM.
INFO: [Opt 31-422] The CLOCK_DOMAINS attribute on the BRAM cell system_i/blk_mem_gen_0/U0/inst_blk_mem_gen/gnbram.gnative_mem_map_bmg.native_mem_map_blk_mem_gen/valid.cstr/ramloop[107].ram.r/prim_noinit.ram/DEVICE_8SERIES.WITH_BMM_INFO.TRUE_DP.CASCADED_PRIM36_TDP.ram_B has been changed from INDEPENDENT to COMMON to match the clocking topology used for the BRAM.
INFO: [Opt 31-422] The CLOCK_DOMAINS attribute on the BRAM cell system_i/blk_mem_gen_0/U0/inst_blk_mem_gen/gnbram.gnative_mem_map_bmg.native_mem_map_blk_mem_gen/valid.cstr/ramloop[107].ram.r/prim_noinit.ram/DEVICE_8SERIES.WITH_BMM_INFO.TRUE_DP.CASCADED_PRIM36_TDP.ram_T has been changed from INDEPENDENT to COMMON to match the clocking topology used for the BRAM.
INFO: [Opt 31-422] The CLOCK_DOMAINS attribute on the BRAM cell system_i/blk_mem_gen_0/U0/inst_blk_mem_gen/gnbram.gnative_mem_map_bmg.native_mem_map_blk_mem_gen/valid.cstr/ramloop[108].ram.r/prim_noinit.ram/DEVICE_8SERIES.WITH_BMM_INFO.TRUE_DP.CASCADED_PRIM36_TDP.ram_B has been changed from INDEPENDENT to COMMON to match the clocking topology used for the BRAM.
INFO: [Opt 31-422] The CLOCK_DOMAINS attribute on the BRAM cell system_i/blk_mem_gen_0/U0/inst_blk_mem_gen/gnbram.gnative_mem_map_bmg.native_mem_map_blk_mem_gen/valid.cstr/ramloop[108].ram.r/prim_noinit.ram/DEVICE_8SERIES.WITH_BMM_INFO.TRUE_DP.CASCADED_PRIM36_TDP.ram_T has been changed from INDEPENDENT to COMMON to match the clocking topology used for the BRAM.
INFO: [Opt 31-422] The CLOCK_DOMAINS attribute on the BRAM cell system_i/blk_mem_gen_0/U0/inst_blk_mem_gen/gnbram.gnative_mem_map_bmg.native_mem_map_blk_mem_gen/valid.cstr/ramloop[109].ram.r/prim_noinit.ram/DEVICE_8SERIES.WITH_BMM_INFO.TRUE_DP.CASCADED_PRIM36_TDP.ram_B has been changed from INDEPENDENT to COMMON to match the clocking topology used for the BRAM.
INFO: [Opt 31-422] The CLOCK_DOMAINS attribute on the BRAM cell system_i/blk_mem_gen_0/U0/inst_blk_mem_gen/gnbram.gnative_mem_map_bmg.native_mem_map_blk_mem_gen/valid.cstr/ramloop[109].ram.r/prim_noinit.ram/DEVICE_8SERIES.WITH_BMM_INFO.TRUE_DP.CASCADED_PRIM36_TDP.ram_T has been changed from INDEPENDENT to COMMON to match the clocking topology used for the BRAM.
INFO: [Opt 31-422] The CLOCK_DOMAINS attribute on the BRAM cell system_i/blk_mem_gen_0/U0/inst_blk_mem_gen/gnbram.gnative_mem_map_bmg.native_mem_map_blk_mem_gen/valid.cstr/ramloop[10].ram.r/prim_noinit.ram/DEVICE_8SERIES.WITH_BMM_INFO.TRUE_DP.CASCADED_PRIM36_TDP.ram_B has been changed from INDEPENDENT to COMMON to match the clocking topology used for the BRAM.
INFO: [Opt 31-422] The CLOCK_DOMAINS attribute on the BRAM cell system_i/blk_mem_gen_0/U0/inst_blk_mem_gen/gnbram.gnative_mem_map_bmg.native_mem_map_blk_mem_gen/valid.cstr/ramloop[10].ram.r/prim_noinit.ram/DEVICE_8SERIES.WITH_BMM_INFO.TRUE_DP.CASCADED_PRIM36_TDP.ram_T has been changed from INDEPENDENT to COMMON to match the clocking topology used for the BRAM.
INFO: [Opt 31-422] The CLOCK_DOMAINS attribute on the BRAM cell system_i/blk_mem_gen_0/U0/inst_blk_mem_gen/gnbram.gnative_mem_map_bmg.native_mem_map_blk_mem_gen/valid.cstr/ramloop[110].ram.r/prim_noinit.ram/DEVICE_8SERIES.WITH_BMM_INFO.TRUE_DP.CASCADED_PRIM36_TDP.ram_B has been changed from INDEPENDENT to COMMON to match the clocking topology used for the BRAM.
INFO: [Opt 31-422] The CLOCK_DOMAINS attribute on the BRAM cell system_i/blk_mem_gen_0/U0/inst_blk_mem_gen/gnbram.gnative_mem_map_bmg.native_mem_map_blk_mem_gen/valid.cstr/ramloop[110].ram.r/prim_noinit.ram/DEVICE_8SERIES.WITH_BMM_INFO.TRUE_DP.CASCADED_PRIM36_TDP.ram_T has been changed from INDEPENDENT to COMMON to match the clocking topology used for the BRAM.
INFO: [Opt 31-422] The CLOCK_DOMAINS attribute on the BRAM cell system_i/blk_mem_gen_0/U0/inst_blk_mem_gen/gnbram.gnative_mem_map_bmg.native_mem_map_blk_mem_gen/valid.cstr/ramloop[111].ram.r/prim_noinit.ram/DEVICE_8SERIES.WITH_BMM_INFO.TRUE_DP.CASCADED_PRIM36_TDP.ram_B has been changed from INDEPENDENT to COMMON to match the clocking topology used for the BRAM.
INFO: [Opt 31-422] The CLOCK_DOMAINS attribute on the BRAM cell system_i/blk_mem_gen_0/U0/inst_blk_mem_gen/gnbram.gnative_mem_map_bmg.native_mem_map_blk_mem_gen/valid.cstr/ramloop[111].ram.r/prim_noinit.ram/DEVICE_8SERIES.WITH_BMM_INFO.TRUE_DP.CASCADED_PRIM36_TDP.ram_T has been changed from INDEPENDENT to COMMON to match the clocking topology used for the BRAM.
INFO: [Opt 31-422] The CLOCK_DOMAINS attribute on the BRAM cell system_i/blk_mem_gen_0/U0/inst_blk_mem_gen/gnbram.gnative_mem_map_bmg.native_mem_map_blk_mem_gen/valid.cstr/ramloop[112].ram.r/prim_noinit.ram/DEVICE_8SERIES.WITH_BMM_INFO.TRUE_DP.CASCADED_PRIM36_TDP.ram_B has been changed from INDEPENDENT to COMMON to match the clocking topology used for the BRAM.
INFO: [Opt 31-422] The CLOCK_DOMAINS attribute on the BRAM cell system_i/blk_mem_gen_0/U0/inst_blk_mem_gen/gnbram.gnative_mem_map_bmg.native_mem_map_blk_mem_gen/valid.cstr/ramloop[112].ram.r/prim_noinit.ram/DEVICE_8SERIES.WITH_BMM_INFO.TRUE_DP.CASCADED_PRIM36_TDP.ram_T has been changed from INDEPENDENT to COMMON to match the clocking topology used for the BRAM.
INFO: [Opt 31-422] The CLOCK_DOMAINS attribute on the BRAM cell system_i/blk_mem_gen_0/U0/inst_blk_mem_gen/gnbram.gnative_mem_map_bmg.native_mem_map_blk_mem_gen/valid.cstr/ramloop[113].ram.r/prim_noinit.ram/DEVICE_8SERIES.WITH_BMM_INFO.TRUE_DP.CASCADED_PRIM36_TDP.ram_B has been changed from INDEPENDENT to COMMON to match the clocking topology used for the BRAM.
INFO: [Opt 31-422] The CLOCK_DOMAINS attribute on the BRAM cell system_i/blk_mem_gen_0/U0/inst_blk_mem_gen/gnbram.gnative_mem_map_bmg.native_mem_map_blk_mem_gen/valid.cstr/ramloop[113].ram.r/prim_noinit.ram/DEVICE_8SERIES.WITH_BMM_INFO.TRUE_DP.CASCADED_PRIM36_TDP.ram_T has been changed from INDEPENDENT to COMMON to match the clocking topology used for the BRAM.
INFO: [Opt 31-422] The CLOCK_DOMAINS attribute on the BRAM cell system_i/blk_mem_gen_0/U0/inst_blk_mem_gen/gnbram.gnative_mem_map_bmg.native_mem_map_blk_mem_gen/valid.cstr/ramloop[114].ram.r/prim_noinit.ram/DEVICE_8SERIES.WITH_BMM_INFO.TRUE_DP.CASCADED_PRIM36_TDP.ram_B has been changed from INDEPENDENT to COMMON to match the clocking topology used for the BRAM.
INFO: [Opt 31-422] The CLOCK_DOMAINS attribute on the BRAM cell system_i/blk_mem_gen_0/U0/inst_blk_mem_gen/gnbram.gnative_mem_map_bmg.native_mem_map_blk_mem_gen/valid.cstr/ramloop[114].ram.r/prim_noinit.ram/DEVICE_8SERIES.WITH_BMM_INFO.TRUE_DP.CASCADED_PRIM36_TDP.ram_T has been changed from INDEPENDENT to COMMON to match the clocking topology used for the BRAM.
INFO: [Opt 31-422] The CLOCK_DOMAINS attribute on the BRAM cell system_i/blk_mem_gen_0/U0/inst_blk_mem_gen/gnbram.gnative_mem_map_bmg.native_mem_map_blk_mem_gen/valid.cstr/ramloop[115].ram.r/prim_noinit.ram/DEVICE_8SERIES.WITH_BMM_INFO.TRUE_DP.CASCADED_PRIM36_TDP.ram_B has been changed from INDEPENDENT to COMMON to match the clocking topology used for the BRAM.
INFO: [Opt 31-422] The CLOCK_DOMAINS attribute on the BRAM cell system_i/blk_mem_gen_0/U0/inst_blk_mem_gen/gnbram.gnative_mem_map_bmg.native_mem_map_blk_mem_gen/valid.cstr/ramloop[115].ram.r/prim_noinit.ram/DEVICE_8SERIES.WITH_BMM_INFO.TRUE_DP.CASCADED_PRIM36_TDP.ram_T has been changed from INDEPENDENT to COMMON to match the clocking topology used for the BRAM.
INFO: [Opt 31-422] The CLOCK_DOMAINS attribute on the BRAM cell system_i/blk_mem_gen_0/U0/inst_blk_mem_gen/gnbram.gnative_mem_map_bmg.native_mem_map_blk_mem_gen/valid.cstr/ramloop[116].ram.r/prim_noinit.ram/DEVICE_8SERIES.WITH_BMM_INFO.TRUE_DP.CASCADED_PRIM36_TDP.ram_B has been changed from INDEPENDENT to COMMON to match the clocking topology used for the BRAM.
INFO: [Opt 31-422] The CLOCK_DOMAINS attribute on the BRAM cell system_i/blk_mem_gen_0/U0/inst_blk_mem_gen/gnbram.gnative_mem_map_bmg.native_mem_map_blk_mem_gen/valid.cstr/ramloop[116].ram.r/prim_noinit.ram/DEVICE_8SERIES.WITH_BMM_INFO.TRUE_DP.CASCADED_PRIM36_TDP.ram_T has been changed from INDEPENDENT to COMMON to match the clocking topology used for the BRAM.
INFO: [Opt 31-422] The CLOCK_DOMAINS attribute on the BRAM cell system_i/blk_mem_gen_0/U0/inst_blk_mem_gen/gnbram.gnative_mem_map_bmg.native_mem_map_blk_mem_gen/valid.cstr/ramloop[117].ram.r/prim_noinit.ram/DEVICE_8SERIES.WITH_BMM_INFO.TRUE_DP.CASCADED_PRIM36_TDP.ram_B has been changed from INDEPENDENT to COMMON to match the clocking topology used for the BRAM.
INFO: [Opt 31-422] The CLOCK_DOMAINS attribute on the BRAM cell system_i/blk_mem_gen_0/U0/inst_blk_mem_gen/gnbram.gnative_mem_map_bmg.native_mem_map_blk_mem_gen/valid.cstr/ramloop[117].ram.r/prim_noinit.ram/DEVICE_8SERIES.WITH_BMM_INFO.TRUE_DP.CASCADED_PRIM36_TDP.ram_T has been changed from INDEPENDENT to COMMON to match the clocking topology used for the BRAM.
INFO: [Opt 31-422] The CLOCK_DOMAINS attribute on the BRAM cell system_i/blk_mem_gen_0/U0/inst_blk_mem_gen/gnbram.gnative_mem_map_bmg.native_mem_map_blk_mem_gen/valid.cstr/ramloop[118].ram.r/prim_noinit.ram/DEVICE_8SERIES.WITH_BMM_INFO.TRUE_DP.CASCADED_PRIM36_TDP.ram_B has been changed from INDEPENDENT to COMMON to match the clocking topology used for the BRAM.
INFO: [Opt 31-422] The CLOCK_DOMAINS attribute on the BRAM cell system_i/blk_mem_gen_0/U0/inst_blk_mem_gen/gnbram.gnative_mem_map_bmg.native_mem_map_blk_mem_gen/valid.cstr/ramloop[118].ram.r/prim_noinit.ram/DEVICE_8SERIES.WITH_BMM_INFO.TRUE_DP.CASCADED_PRIM36_TDP.ram_T has been changed from INDEPENDENT to COMMON to match the clocking topology used for the BRAM.
INFO: [Opt 31-422] The CLOCK_DOMAINS attribute on the BRAM cell system_i/blk_mem_gen_0/U0/inst_blk_mem_gen/gnbram.gnative_mem_map_bmg.native_mem_map_blk_mem_gen/valid.cstr/ramloop[119].ram.r/prim_noinit.ram/DEVICE_8SERIES.WITH_BMM_INFO.TRUE_DP.CASCADED_PRIM36_TDP.ram_B has been changed from INDEPENDENT to COMMON to match the clocking topology used for the BRAM.
INFO: [Opt 31-422] The CLOCK_DOMAINS attribute on the BRAM cell system_i/blk_mem_gen_0/U0/inst_blk_mem_gen/gnbram.gnative_mem_map_bmg.native_mem_map_blk_mem_gen/valid.cstr/ramloop[119].ram.r/prim_noinit.ram/DEVICE_8SERIES.WITH_BMM_INFO.TRUE_DP.CASCADED_PRIM36_TDP.ram_T has been changed from INDEPENDENT to COMMON to match the clocking topology used for the BRAM.
INFO: [Opt 31-422] The CLOCK_DOMAINS attribute on the BRAM cell system_i/blk_mem_gen_0/U0/inst_blk_mem_gen/gnbram.gnative_mem_map_bmg.native_mem_map_blk_mem_gen/valid.cstr/ramloop[11].ram.r/prim_noinit.ram/DEVICE_8SERIES.WITH_BMM_INFO.TRUE_DP.CASCADED_PRIM36_TDP.ram_B has been changed from INDEPENDENT to COMMON to match the clocking topology used for the BRAM.
INFO: [Opt 31-422] The CLOCK_DOMAINS attribute on the BRAM cell system_i/blk_mem_gen_0/U0/inst_blk_mem_gen/gnbram.gnative_mem_map_bmg.native_mem_map_blk_mem_gen/valid.cstr/ramloop[11].ram.r/prim_noinit.ram/DEVICE_8SERIES.WITH_BMM_INFO.TRUE_DP.CASCADED_PRIM36_TDP.ram_T has been changed from INDEPENDENT to COMMON to match the clocking topology used for the BRAM.
INFO: [Opt 31-422] The CLOCK_DOMAINS attribute on the BRAM cell system_i/blk_mem_gen_0/U0/inst_blk_mem_gen/gnbram.gnative_mem_map_bmg.native_mem_map_blk_mem_gen/valid.cstr/ramloop[120].ram.r/prim_noinit.ram/DEVICE_8SERIES.WITH_BMM_INFO.TRUE_DP.CASCADED_PRIM36_TDP.ram_B has been changed from INDEPENDENT to COMMON to match the clocking topology used for the BRAM.
INFO: [Opt 31-422] The CLOCK_DOMAINS attribute on the BRAM cell system_i/blk_mem_gen_0/U0/inst_blk_mem_gen/gnbram.gnative_mem_map_bmg.native_mem_map_blk_mem_gen/valid.cstr/ramloop[120].ram.r/prim_noinit.ram/DEVICE_8SERIES.WITH_BMM_INFO.TRUE_DP.CASCADED_PRIM36_TDP.ram_T has been changed from INDEPENDENT to COMMON to match the clocking topology used for the BRAM.
INFO: [Opt 31-422] The CLOCK_DOMAINS attribute on the BRAM cell system_i/blk_mem_gen_0/U0/inst_blk_mem_gen/gnbram.gnative_mem_map_bmg.native_mem_map_blk_mem_gen/valid.cstr/ramloop[121].ram.r/prim_noinit.ram/DEVICE_8SERIES.WITH_BMM_INFO.TRUE_DP.CASCADED_PRIM36_TDP.ram_B has been changed from INDEPENDENT to COMMON to match the clocking topology used for the BRAM.
INFO: [Opt 31-422] The CLOCK_DOMAINS attribute on the BRAM cell system_i/blk_mem_gen_0/U0/inst_blk_mem_gen/gnbram.gnative_mem_map_bmg.native_mem_map_blk_mem_gen/valid.cstr/ramloop[121].ram.r/prim_noinit.ram/DEVICE_8SERIES.WITH_BMM_INFO.TRUE_DP.CASCADED_PRIM36_TDP.ram_T has been changed from INDEPENDENT to COMMON to match the clocking topology used for the BRAM.
INFO: [Opt 31-422] The CLOCK_DOMAINS attribute on the BRAM cell system_i/blk_mem_gen_0/U0/inst_blk_mem_gen/gnbram.gnative_mem_map_bmg.native_mem_map_blk_mem_gen/valid.cstr/ramloop[122].ram.r/prim_noinit.ram/DEVICE_8SERIES.WITH_BMM_INFO.TRUE_DP.CASCADED_PRIM36_TDP.ram_B has been changed from INDEPENDENT to COMMON to match the clocking topology used for the BRAM.
INFO: [Opt 31-422] The CLOCK_DOMAINS attribute on the BRAM cell system_i/blk_mem_gen_0/U0/inst_blk_mem_gen/gnbram.gnative_mem_map_bmg.native_mem_map_blk_mem_gen/valid.cstr/ramloop[122].ram.r/prim_noinit.ram/DEVICE_8SERIES.WITH_BMM_INFO.TRUE_DP.CASCADED_PRIM36_TDP.ram_T has been changed from INDEPENDENT to COMMON to match the clocking topology used for the BRAM.
INFO: [Opt 31-422] The CLOCK_DOMAINS attribute on the BRAM cell system_i/blk_mem_gen_0/U0/inst_blk_mem_gen/gnbram.gnative_mem_map_bmg.native_mem_map_blk_mem_gen/valid.cstr/ramloop[123].ram.r/prim_noinit.ram/DEVICE_8SERIES.WITH_BMM_INFO.TRUE_DP.CASCADED_PRIM36_TDP.ram_B has been changed from INDEPENDENT to COMMON to match the clocking topology used for the BRAM.
INFO: [Opt 31-422] The CLOCK_DOMAINS attribute on the BRAM cell system_i/blk_mem_gen_0/U0/inst_blk_mem_gen/gnbram.gnative_mem_map_bmg.native_mem_map_blk_mem_gen/valid.cstr/ramloop[123].ram.r/prim_noinit.ram/DEVICE_8SERIES.WITH_BMM_INFO.TRUE_DP.CASCADED_PRIM36_TDP.ram_T has been changed from INDEPENDENT to COMMON to match the clocking topology used for the BRAM.
INFO: [Opt 31-422] The CLOCK_DOMAINS attribute on the BRAM cell system_i/blk_mem_gen_0/U0/inst_blk_mem_gen/gnbram.gnative_mem_map_bmg.native_mem_map_blk_mem_gen/valid.cstr/ramloop[124].ram.r/prim_noinit.ram/DEVICE_8SERIES.WITH_BMM_INFO.TRUE_DP.CASCADED_PRIM36_TDP.ram_B has been changed from INDEPENDENT to COMMON to match the clocking topology used for the BRAM.
INFO: [Opt 31-422] The CLOCK_DOMAINS attribute on the BRAM cell system_i/blk_mem_gen_0/U0/inst_blk_mem_gen/gnbram.gnative_mem_map_bmg.native_mem_map_blk_mem_gen/valid.cstr/ramloop[124].ram.r/prim_noinit.ram/DEVICE_8SERIES.WITH_BMM_INFO.TRUE_DP.CASCADED_PRIM36_TDP.ram_T has been changed from INDEPENDENT to COMMON to match the clocking topology used for the BRAM.
INFO: [Opt 31-422] The CLOCK_DOMAINS attribute on the BRAM cell system_i/blk_mem_gen_0/U0/inst_blk_mem_gen/gnbram.gnative_mem_map_bmg.native_mem_map_blk_mem_gen/valid.cstr/ramloop[125].ram.r/prim_noinit.ram/DEVICE_8SERIES.WITH_BMM_INFO.TRUE_DP.CASCADED_PRIM36_TDP.ram_B has been changed from INDEPENDENT to COMMON to match the clocking topology used for the BRAM.
INFO: [Opt 31-422] The CLOCK_DOMAINS attribute on the BRAM cell system_i/blk_mem_gen_0/U0/inst_blk_mem_gen/gnbram.gnative_mem_map_bmg.native_mem_map_blk_mem_gen/valid.cstr/ramloop[125].ram.r/prim_noinit.ram/DEVICE_8SERIES.WITH_BMM_INFO.TRUE_DP.CASCADED_PRIM36_TDP.ram_T has been changed from INDEPENDENT to COMMON to match the clocking topology used for the BRAM.
INFO: [Opt 31-422] The CLOCK_DOMAINS attribute on the BRAM cell system_i/blk_mem_gen_0/U0/inst_blk_mem_gen/gnbram.gnative_mem_map_bmg.native_mem_map_blk_mem_gen/valid.cstr/ramloop[126].ram.r/prim_noinit.ram/DEVICE_8SERIES.WITH_BMM_INFO.TRUE_DP.CASCADED_PRIM36_TDP.ram_B has been changed from INDEPENDENT to COMMON to match the clocking topology used for the BRAM.
INFO: [Opt 31-422] The CLOCK_DOMAINS attribute on the BRAM cell system_i/blk_mem_gen_0/U0/inst_blk_mem_gen/gnbram.gnative_mem_map_bmg.native_mem_map_blk_mem_gen/valid.cstr/ramloop[126].ram.r/prim_noinit.ram/DEVICE_8SERIES.WITH_BMM_INFO.TRUE_DP.CASCADED_PRIM36_TDP.ram_T has been changed from INDEPENDENT to COMMON to match the clocking topology used for the BRAM.
INFO: [Opt 31-422] The CLOCK_DOMAINS attribute on the BRAM cell system_i/blk_mem_gen_0/U0/inst_blk_mem_gen/gnbram.gnative_mem_map_bmg.native_mem_map_blk_mem_gen/valid.cstr/ramloop[127].ram.r/prim_noinit.ram/DEVICE_8SERIES.WITH_BMM_INFO.TRUE_DP.CASCADED_PRIM36_TDP.ram_B has been changed from INDEPENDENT to COMMON to match the clocking topology used for the BRAM.
INFO: [Opt 31-422] The CLOCK_DOMAINS attribute on the BRAM cell system_i/blk_mem_gen_0/U0/inst_blk_mem_gen/gnbram.gnative_mem_map_bmg.native_mem_map_blk_mem_gen/valid.cstr/ramloop[127].ram.r/prim_noinit.ram/DEVICE_8SERIES.WITH_BMM_INFO.TRUE_DP.CASCADED_PRIM36_TDP.ram_T has been changed from INDEPENDENT to COMMON to match the clocking topology used for the BRAM.
INFO: [Opt 31-422] The CLOCK_DOMAINS attribute on the BRAM cell system_i/blk_mem_gen_0/U0/inst_blk_mem_gen/gnbram.gnative_mem_map_bmg.native_mem_map_blk_mem_gen/valid.cstr/ramloop[12].ram.r/prim_noinit.ram/DEVICE_8SERIES.WITH_BMM_INFO.TRUE_DP.CASCADED_PRIM36_TDP.ram_B has been changed from INDEPENDENT to COMMON to match the clocking topology used for the BRAM.
INFO: [Opt 31-422] The CLOCK_DOMAINS attribute on the BRAM cell system_i/blk_mem_gen_0/U0/inst_blk_mem_gen/gnbram.gnative_mem_map_bmg.native_mem_map_blk_mem_gen/valid.cstr/ramloop[12].ram.r/prim_noinit.ram/DEVICE_8SERIES.WITH_BMM_INFO.TRUE_DP.CASCADED_PRIM36_TDP.ram_T has been changed from INDEPENDENT to COMMON to match the clocking topology used for the BRAM.
INFO: [Opt 31-422] The CLOCK_DOMAINS attribute on the BRAM cell system_i/blk_mem_gen_0/U0/inst_blk_mem_gen/gnbram.gnative_mem_map_bmg.native_mem_map_blk_mem_gen/valid.cstr/ramloop[13].ram.r/prim_noinit.ram/DEVICE_8SERIES.WITH_BMM_INFO.TRUE_DP.CASCADED_PRIM36_TDP.ram_B has been changed from INDEPENDENT to COMMON to match the clocking topology used for the BRAM.
INFO: [Opt 31-422] The CLOCK_DOMAINS attribute on the BRAM cell system_i/blk_mem_gen_0/U0/inst_blk_mem_gen/gnbram.gnative_mem_map_bmg.native_mem_map_blk_mem_gen/valid.cstr/ramloop[13].ram.r/prim_noinit.ram/DEVICE_8SERIES.WITH_BMM_INFO.TRUE_DP.CASCADED_PRIM36_TDP.ram_T has been changed from INDEPENDENT to COMMON to match the clocking topology used for the BRAM.
INFO: [Opt 31-422] The CLOCK_DOMAINS attribute on the BRAM cell system_i/blk_mem_gen_0/U0/inst_blk_mem_gen/gnbram.gnative_mem_map_bmg.native_mem_map_blk_mem_gen/valid.cstr/ramloop[14].ram.r/prim_noinit.ram/DEVICE_8SERIES.WITH_BMM_INFO.TRUE_DP.CASCADED_PRIM36_TDP.ram_B has been changed from INDEPENDENT to COMMON to match the clocking topology used for the BRAM.
INFO: [Opt 31-422] The CLOCK_DOMAINS attribute on the BRAM cell system_i/blk_mem_gen_0/U0/inst_blk_mem_gen/gnbram.gnative_mem_map_bmg.native_mem_map_blk_mem_gen/valid.cstr/ramloop[14].ram.r/prim_noinit.ram/DEVICE_8SERIES.WITH_BMM_INFO.TRUE_DP.CASCADED_PRIM36_TDP.ram_T has been changed from INDEPENDENT to COMMON to match the clocking topology used for the BRAM.
INFO: [Opt 31-422] The CLOCK_DOMAINS attribute on the BRAM cell system_i/blk_mem_gen_0/U0/inst_blk_mem_gen/gnbram.gnative_mem_map_bmg.native_mem_map_blk_mem_gen/valid.cstr/ramloop[15].ram.r/prim_noinit.ram/DEVICE_8SERIES.WITH_BMM_INFO.TRUE_DP.CASCADED_PRIM36_TDP.ram_B has been changed from INDEPENDENT to COMMON to match the clocking topology used for the BRAM.
INFO: [Opt 31-422] The CLOCK_DOMAINS attribute on the BRAM cell system_i/blk_mem_gen_0/U0/inst_blk_mem_gen/gnbram.gnative_mem_map_bmg.native_mem_map_blk_mem_gen/valid.cstr/ramloop[15].ram.r/prim_noinit.ram/DEVICE_8SERIES.WITH_BMM_INFO.TRUE_DP.CASCADED_PRIM36_TDP.ram_T has been changed from INDEPENDENT to COMMON to match the clocking topology used for the BRAM.
INFO: [Opt 31-422] The CLOCK_DOMAINS attribute on the BRAM cell system_i/blk_mem_gen_0/U0/inst_blk_mem_gen/gnbram.gnative_mem_map_bmg.native_mem_map_blk_mem_gen/valid.cstr/ramloop[16].ram.r/prim_noinit.ram/DEVICE_8SERIES.WITH_BMM_INFO.TRUE_DP.CASCADED_PRIM36_TDP.ram_B has been changed from INDEPENDENT to COMMON to match the clocking topology used for the BRAM.
INFO: [Opt 31-422] The CLOCK_DOMAINS attribute on the BRAM cell system_i/blk_mem_gen_0/U0/inst_blk_mem_gen/gnbram.gnative_mem_map_bmg.native_mem_map_blk_mem_gen/valid.cstr/ramloop[16].ram.r/prim_noinit.ram/DEVICE_8SERIES.WITH_BMM_INFO.TRUE_DP.CASCADED_PRIM36_TDP.ram_T has been changed from INDEPENDENT to COMMON to match the clocking topology used for the BRAM.
INFO: [Opt 31-422] The CLOCK_DOMAINS attribute on the BRAM cell system_i/blk_mem_gen_0/U0/inst_blk_mem_gen/gnbram.gnative_mem_map_bmg.native_mem_map_blk_mem_gen/valid.cstr/ramloop[17].ram.r/prim_noinit.ram/DEVICE_8SERIES.WITH_BMM_INFO.TRUE_DP.CASCADED_PRIM36_TDP.ram_B has been changed from INDEPENDENT to COMMON to match the clocking topology used for the BRAM.
INFO: [Opt 31-422] The CLOCK_DOMAINS attribute on the BRAM cell system_i/blk_mem_gen_0/U0/inst_blk_mem_gen/gnbram.gnative_mem_map_bmg.native_mem_map_blk_mem_gen/valid.cstr/ramloop[17].ram.r/prim_noinit.ram/DEVICE_8SERIES.WITH_BMM_INFO.TRUE_DP.CASCADED_PRIM36_TDP.ram_T has been changed from INDEPENDENT to COMMON to match the clocking topology used for the BRAM.
INFO: [Opt 31-422] The CLOCK_DOMAINS attribute on the BRAM cell system_i/blk_mem_gen_0/U0/inst_blk_mem_gen/gnbram.gnative_mem_map_bmg.native_mem_map_blk_mem_gen/valid.cstr/ramloop[18].ram.r/prim_noinit.ram/DEVICE_8SERIES.WITH_BMM_INFO.TRUE_DP.CASCADED_PRIM36_TDP.ram_B has been changed from INDEPENDENT to COMMON to match the clocking topology used for the BRAM.
INFO: [Opt 31-422] The CLOCK_DOMAINS attribute on the BRAM cell system_i/blk_mem_gen_0/U0/inst_blk_mem_gen/gnbram.gnative_mem_map_bmg.native_mem_map_blk_mem_gen/valid.cstr/ramloop[18].ram.r/prim_noinit.ram/DEVICE_8SERIES.WITH_BMM_INFO.TRUE_DP.CASCADED_PRIM36_TDP.ram_T has been changed from INDEPENDENT to COMMON to match the clocking topology used for the BRAM.
INFO: [Opt 31-422] The CLOCK_DOMAINS attribute on the BRAM cell system_i/blk_mem_gen_0/U0/inst_blk_mem_gen/gnbram.gnative_mem_map_bmg.native_mem_map_blk_mem_gen/valid.cstr/ramloop[19].ram.r/prim_noinit.ram/DEVICE_8SERIES.WITH_BMM_INFO.TRUE_DP.CASCADED_PRIM36_TDP.ram_B has been changed from INDEPENDENT to COMMON to match the clocking topology used for the BRAM.
INFO: [Opt 31-422] The CLOCK_DOMAINS attribute on the BRAM cell system_i/blk_mem_gen_0/U0/inst_blk_mem_gen/gnbram.gnative_mem_map_bmg.native_mem_map_blk_mem_gen/valid.cstr/ramloop[19].ram.r/prim_noinit.ram/DEVICE_8SERIES.WITH_BMM_INFO.TRUE_DP.CASCADED_PRIM36_TDP.ram_T has been changed from INDEPENDENT to COMMON to match the clocking topology used for the BRAM.
INFO: [Opt 31-422] The CLOCK_DOMAINS attribute on the BRAM cell system_i/blk_mem_gen_0/U0/inst_blk_mem_gen/gnbram.gnative_mem_map_bmg.native_mem_map_blk_mem_gen/valid.cstr/ramloop[1].ram.r/prim_noinit.ram/DEVICE_8SERIES.WITH_BMM_INFO.TRUE_DP.CASCADED_PRIM36_TDP.ram_B has been changed from INDEPENDENT to COMMON to match the clocking topology used for the BRAM.
INFO: [Opt 31-422] The CLOCK_DOMAINS attribute on the BRAM cell system_i/blk_mem_gen_0/U0/inst_blk_mem_gen/gnbram.gnative_mem_map_bmg.native_mem_map_blk_mem_gen/valid.cstr/ramloop[1].ram.r/prim_noinit.ram/DEVICE_8SERIES.WITH_BMM_INFO.TRUE_DP.CASCADED_PRIM36_TDP.ram_T has been changed from INDEPENDENT to COMMON to match the clocking topology used for the BRAM.
INFO: [Opt 31-422] The CLOCK_DOMAINS attribute on the BRAM cell system_i/blk_mem_gen_0/U0/inst_blk_mem_gen/gnbram.gnative_mem_map_bmg.native_mem_map_blk_mem_gen/valid.cstr/ramloop[20].ram.r/prim_noinit.ram/DEVICE_8SERIES.WITH_BMM_INFO.TRUE_DP.CASCADED_PRIM36_TDP.ram_B has been changed from INDEPENDENT to COMMON to match the clocking topology used for the BRAM.
INFO: [Opt 31-422] The CLOCK_DOMAINS attribute on the BRAM cell system_i/blk_mem_gen_0/U0/inst_blk_mem_gen/gnbram.gnative_mem_map_bmg.native_mem_map_blk_mem_gen/valid.cstr/ramloop[20].ram.r/prim_noinit.ram/DEVICE_8SERIES.WITH_BMM_INFO.TRUE_DP.CASCADED_PRIM36_TDP.ram_T has been changed from INDEPENDENT to COMMON to match the clocking topology used for the BRAM.
INFO: [Opt 31-422] The CLOCK_DOMAINS attribute on the BRAM cell system_i/blk_mem_gen_0/U0/inst_blk_mem_gen/gnbram.gnative_mem_map_bmg.native_mem_map_blk_mem_gen/valid.cstr/ramloop[21].ram.r/prim_noinit.ram/DEVICE_8SERIES.WITH_BMM_INFO.TRUE_DP.CASCADED_PRIM36_TDP.ram_B has been changed from INDEPENDENT to COMMON to match the clocking topology used for the BRAM.
INFO: [Opt 31-422] The CLOCK_DOMAINS attribute on the BRAM cell system_i/blk_mem_gen_0/U0/inst_blk_mem_gen/gnbram.gnative_mem_map_bmg.native_mem_map_blk_mem_gen/valid.cstr/ramloop[21].ram.r/prim_noinit.ram/DEVICE_8SERIES.WITH_BMM_INFO.TRUE_DP.CASCADED_PRIM36_TDP.ram_T has been changed from INDEPENDENT to COMMON to match the clocking topology used for the BRAM.
INFO: [Opt 31-422] The CLOCK_DOMAINS attribute on the BRAM cell system_i/blk_mem_gen_0/U0/inst_blk_mem_gen/gnbram.gnative_mem_map_bmg.native_mem_map_blk_mem_gen/valid.cstr/ramloop[22].ram.r/prim_noinit.ram/DEVICE_8SERIES.WITH_BMM_INFO.TRUE_DP.CASCADED_PRIM36_TDP.ram_B has been changed from INDEPENDENT to COMMON to match the clocking topology used for the BRAM.
INFO: [Opt 31-422] The CLOCK_DOMAINS attribute on the BRAM cell system_i/blk_mem_gen_0/U0/inst_blk_mem_gen/gnbram.gnative_mem_map_bmg.native_mem_map_blk_mem_gen/valid.cstr/ramloop[22].ram.r/prim_noinit.ram/DEVICE_8SERIES.WITH_BMM_INFO.TRUE_DP.CASCADED_PRIM36_TDP.ram_T has been changed from INDEPENDENT to COMMON to match the clocking topology used for the BRAM.
INFO: [Opt 31-422] The CLOCK_DOMAINS attribute on the BRAM cell system_i/blk_mem_gen_0/U0/inst_blk_mem_gen/gnbram.gnative_mem_map_bmg.native_mem_map_blk_mem_gen/valid.cstr/ramloop[23].ram.r/prim_noinit.ram/DEVICE_8SERIES.WITH_BMM_INFO.TRUE_DP.CASCADED_PRIM36_TDP.ram_B has been changed from INDEPENDENT to COMMON to match the clocking topology used for the BRAM.
INFO: [Opt 31-422] The CLOCK_DOMAINS attribute on the BRAM cell system_i/blk_mem_gen_0/U0/inst_blk_mem_gen/gnbram.gnative_mem_map_bmg.native_mem_map_blk_mem_gen/valid.cstr/ramloop[23].ram.r/prim_noinit.ram/DEVICE_8SERIES.WITH_BMM_INFO.TRUE_DP.CASCADED_PRIM36_TDP.ram_T has been changed from INDEPENDENT to COMMON to match the clocking topology used for the BRAM.
INFO: [Opt 31-422] The CLOCK_DOMAINS attribute on the BRAM cell system_i/blk_mem_gen_0/U0/inst_blk_mem_gen/gnbram.gnative_mem_map_bmg.native_mem_map_blk_mem_gen/valid.cstr/ramloop[24].ram.r/prim_noinit.ram/DEVICE_8SERIES.WITH_BMM_INFO.TRUE_DP.CASCADED_PRIM36_TDP.ram_B has been changed from INDEPENDENT to COMMON to match the clocking topology used for the BRAM.
INFO: [Opt 31-422] The CLOCK_DOMAINS attribute on the BRAM cell system_i/blk_mem_gen_0/U0/inst_blk_mem_gen/gnbram.gnative_mem_map_bmg.native_mem_map_blk_mem_gen/valid.cstr/ramloop[24].ram.r/prim_noinit.ram/DEVICE_8SERIES.WITH_BMM_INFO.TRUE_DP.CASCADED_PRIM36_TDP.ram_T has been changed from INDEPENDENT to COMMON to match the clocking topology used for the BRAM.
INFO: [Opt 31-422] The CLOCK_DOMAINS attribute on the BRAM cell system_i/blk_mem_gen_0/U0/inst_blk_mem_gen/gnbram.gnative_mem_map_bmg.native_mem_map_blk_mem_gen/valid.cstr/ramloop[25].ram.r/prim_noinit.ram/DEVICE_8SERIES.WITH_BMM_INFO.TRUE_DP.CASCADED_PRIM36_TDP.ram_B has been changed from INDEPENDENT to COMMON to match the clocking topology used for the BRAM.
INFO: [Opt 31-422] The CLOCK_DOMAINS attribute on the BRAM cell system_i/blk_mem_gen_0/U0/inst_blk_mem_gen/gnbram.gnative_mem_map_bmg.native_mem_map_blk_mem_gen/valid.cstr/ramloop[25].ram.r/prim_noinit.ram/DEVICE_8SERIES.WITH_BMM_INFO.TRUE_DP.CASCADED_PRIM36_TDP.ram_T has been changed from INDEPENDENT to COMMON to match the clocking topology used for the BRAM.
INFO: [Opt 31-422] The CLOCK_DOMAINS attribute on the BRAM cell system_i/blk_mem_gen_0/U0/inst_blk_mem_gen/gnbram.gnative_mem_map_bmg.native_mem_map_blk_mem_gen/valid.cstr/ramloop[26].ram.r/prim_noinit.ram/DEVICE_8SERIES.WITH_BMM_INFO.TRUE_DP.CASCADED_PRIM36_TDP.ram_B has been changed from INDEPENDENT to COMMON to match the clocking topology used for the BRAM.
INFO: [Opt 31-422] The CLOCK_DOMAINS attribute on the BRAM cell system_i/blk_mem_gen_0/U0/inst_blk_mem_gen/gnbram.gnative_mem_map_bmg.native_mem_map_blk_mem_gen/valid.cstr/ramloop[26].ram.r/prim_noinit.ram/DEVICE_8SERIES.WITH_BMM_INFO.TRUE_DP.CASCADED_PRIM36_TDP.ram_T has been changed from INDEPENDENT to COMMON to match the clocking topology used for the BRAM.
INFO: [Opt 31-422] The CLOCK_DOMAINS attribute on the BRAM cell system_i/blk_mem_gen_0/U0/inst_blk_mem_gen/gnbram.gnative_mem_map_bmg.native_mem_map_blk_mem_gen/valid.cstr/ramloop[27].ram.r/prim_noinit.ram/DEVICE_8SERIES.WITH_BMM_INFO.TRUE_DP.CASCADED_PRIM36_TDP.ram_B has been changed from INDEPENDENT to COMMON to match the clocking topology used for the BRAM.
INFO: [Opt 31-422] The CLOCK_DOMAINS attribute on the BRAM cell system_i/blk_mem_gen_0/U0/inst_blk_mem_gen/gnbram.gnative_mem_map_bmg.native_mem_map_blk_mem_gen/valid.cstr/ramloop[27].ram.r/prim_noinit.ram/DEVICE_8SERIES.WITH_BMM_INFO.TRUE_DP.CASCADED_PRIM36_TDP.ram_T has been changed from INDEPENDENT to COMMON to match the clocking topology used for the BRAM.
INFO: [Opt 31-422] The CLOCK_DOMAINS attribute on the BRAM cell system_i/blk_mem_gen_0/U0/inst_blk_mem_gen/gnbram.gnative_mem_map_bmg.native_mem_map_blk_mem_gen/valid.cstr/ramloop[28].ram.r/prim_noinit.ram/DEVICE_8SERIES.WITH_BMM_INFO.TRUE_DP.CASCADED_PRIM36_TDP.ram_B has been changed from INDEPENDENT to COMMON to match the clocking topology used for the BRAM.
INFO: [Opt 31-422] The CLOCK_DOMAINS attribute on the BRAM cell system_i/blk_mem_gen_0/U0/inst_blk_mem_gen/gnbram.gnative_mem_map_bmg.native_mem_map_blk_mem_gen/valid.cstr/ramloop[28].ram.r/prim_noinit.ram/DEVICE_8SERIES.WITH_BMM_INFO.TRUE_DP.CASCADED_PRIM36_TDP.ram_T has been changed from INDEPENDENT to COMMON to match the clocking topology used for the BRAM.
INFO: [Opt 31-422] The CLOCK_DOMAINS attribute on the BRAM cell system_i/blk_mem_gen_0/U0/inst_blk_mem_gen/gnbram.gnative_mem_map_bmg.native_mem_map_blk_mem_gen/valid.cstr/ramloop[29].ram.r/prim_noinit.ram/DEVICE_8SERIES.WITH_BMM_INFO.TRUE_DP.CASCADED_PRIM36_TDP.ram_B has been changed from INDEPENDENT to COMMON to match the clocking topology used for the BRAM.
INFO: [Opt 31-422] The CLOCK_DOMAINS attribute on the BRAM cell system_i/blk_mem_gen_0/U0/inst_blk_mem_gen/gnbram.gnative_mem_map_bmg.native_mem_map_blk_mem_gen/valid.cstr/ramloop[29].ram.r/prim_noinit.ram/DEVICE_8SERIES.WITH_BMM_INFO.TRUE_DP.CASCADED_PRIM36_TDP.ram_T has been changed from INDEPENDENT to COMMON to match the clocking topology used for the BRAM.
INFO: [Common 17-14] Message 'Opt 31-422' appears 100 times and further instances of the messages will be disabled. Use the Tcl command set_msg_config to change the current settings.
Netlist sorting complete. Time (s): cpu = 00:00:00 ; elapsed = 00:00:00.017 . Memory (MB): peak = 3603.387 ; gain = 0.000
INFO: [Project 1-111] Unisim Transformation Summary:
  A total of 353 instances were transformed.
  CFGLUT5 => CFGLUT5 (SRL16E, SRLC32E): 144 instances
  DSP48E2 => DSP48E2 (DSP_ALU, DSP_A_B_DATA, DSP_C_DATA, DSP_MULTIPLIER, DSP_M_DATA, DSP_OUTPUT, DSP_PREADD, DSP_PREADD_DATA): 36 instances
  RAM16X1D => RAM32X1D (RAMD32(x2)): 3 instances
  RAM32M16 => RAM32M16 (RAMD32(x14), RAMS32(x2)): 170 instances

130 Infos, 4 Warnings, 0 Critical Warnings and 0 Errors encountered.
link_design completed successfully
link_design: Time (s): cpu = 00:00:06 ; elapsed = 00:00:36 . Memory (MB): peak = 3603.387 ; gain = 2071.492
Command: opt_design
Attempting to get a license for feature 'Implementation' and/or device 'xczu19eg_SE'
INFO: [Common 17-349] Got license for feature 'Implementation' and/or device 'xczu19eg_SE'
Running DRC as a precondition to command opt_design

Starting DRC Task
INFO: [DRC 23-27] Running DRC with 2 threads
INFO: [Project 1-461] DRC finished with 0 Errors
INFO: [Project 1-462] Please refer to the DRC report (report_drc) for more information.

Time (s): cpu = 00:00:01 ; elapsed = 00:00:01 . Memory (MB): peak = 3603.387 ; gain = 0.000

Starting Cache Timing Information Task
INFO: [Timing 38-35] Done setting XDC timing constraints.
Ending Cache Timing Information Task | Checksum: 74241323

Time (s): cpu = 00:00:01 ; elapsed = 00:00:04 . Memory (MB): peak = 3603.387 ; gain = 0.000

Starting Logic Optimization Task

Phase 1 Generate And Synthesize Debug Cores
INFO: [Chipscope 16-329] Generating Script for core instance : dbg_hub 
INFO: [IP_Flow 19-3806] Processing IP xilinx.com:ip:xsdbm:3.0 for cell dbg_hub_CV.
INFO: [Chipscope 16-469] Using cached IP synthesis design for IP xilinx.com:ip:xsdbm:3.0, cache-ID = 13a0e4503394f435.
Netlist sorting complete. Time (s): cpu = 00:00:00 ; elapsed = 00:00:00.041 . Memory (MB): peak = 3988.176 ; gain = 0.000
Phase 1 Generate And Synthesize Debug Cores | Checksum: 66a88911

Time (s): cpu = 00:00:02 ; elapsed = 00:00:33 . Memory (MB): peak = 3988.176 ; gain = 19.922

Phase 2 Retarget
INFO: [Opt 31-1566] Pulled 5 inverters resulting in an inversion of 67 pins
INFO: [Opt 31-138] Pushed 96 inverter(s) to 1741 load pin(s).
INFO: [Opt 31-422] The CLOCK_DOMAINS attribute on the BRAM cell Conv_Acc_inst/bram_mac_inst/your_instance_name/inst/ila_core_inst/ila_trace_memory_inst/SUBCORE_RAM_BLK_MEM_1.trace_block_memory/inst_blk_mem_gen/gnbram.gnativebmg.native_blk_mem_gen/valid.cstr/ramloop[0].ram.r/prim_noinit.ram/DEVICE_8SERIES.NO_BMM_INFO.SDP.SIMPLE_PRIM36.ram has been changed from INDEPENDENT to COMMON to match the clocking topology used for the BRAM.
INFO: [Opt 31-49] Retargeted 0 cell(s).
Phase 2 Retarget | Checksum: f4e400e2

Time (s): cpu = 00:00:03 ; elapsed = 00:00:35 . Memory (MB): peak = 3988.176 ; gain = 19.922
INFO: [Opt 31-389] Phase Retarget created 74 cells and removed 538 cells
INFO: [Opt 31-1021] In phase Retarget, 188 netlist objects are constrained preventing optimization. Please run opt_design with -debug_log to get more detail. 

Phase 3 Constant propagation
INFO: [Opt 31-138] Pushed 1 inverter(s) to 2 load pin(s).
Phase 3 Constant propagation | Checksum: 1365c3f56

Time (s): cpu = 00:00:03 ; elapsed = 00:00:35 . Memory (MB): peak = 3988.176 ; gain = 19.922
INFO: [Opt 31-389] Phase Constant propagation created 127 cells and removed 571 cells
INFO: [Opt 31-1021] In phase Constant propagation, 155 netlist objects are constrained preventing optimization. Please run opt_design with -debug_log to get more detail. 

Phase 4 Sweep
Phase 4 Sweep | Checksum: 13d4a9bf7

Time (s): cpu = 00:00:03 ; elapsed = 00:00:36 . Memory (MB): peak = 3988.176 ; gain = 19.922
INFO: [Opt 31-389] Phase Sweep created 0 cells and removed 1875 cells
INFO: [Opt 31-1021] In phase Sweep, 1655 netlist objects are constrained preventing optimization. Please run opt_design with -debug_log to get more detail. 

Phase 5 BUFG optimization
INFO: [Opt 31-1077] Phase BUFG optimization inserted 0 global clock buffer(s) for CLOCK_LOW_FANOUT.
Phase 5 BUFG optimization | Checksum: 13d4a9bf7

Time (s): cpu = 00:00:03 ; elapsed = 00:00:37 . Memory (MB): peak = 3988.176 ; gain = 19.922
INFO: [Opt 31-662] Phase BUFG optimization created 0 cells of which 0 are BUFGs and removed 0 cells.

Phase 6 Shift Register Optimization
INFO: [Opt 31-1064] SRL Remap converted 0 SRLs to 0 registers and converted 0 registers of register chains to 0 SRLs
Phase 6 Shift Register Optimization | Checksum: fe8b066e

Time (s): cpu = 00:00:03 ; elapsed = 00:00:38 . Memory (MB): peak = 3988.176 ; gain = 19.922
INFO: [Opt 31-389] Phase Shift Register Optimization created 0 cells and removed 0 cells

Phase 7 Post Processing Netlist
INFO: [Opt 31-1566] Pulled 1 inverters resulting in an inversion of 27 pins
Phase 7 Post Processing Netlist | Checksum: 116eab014

Time (s): cpu = 00:00:03 ; elapsed = 00:00:38 . Memory (MB): peak = 3988.176 ; gain = 19.922
INFO: [Opt 31-389] Phase Post Processing Netlist created 0 cells and removed 1 cells
INFO: [Opt 31-1021] In phase Post Processing Netlist, 181 netlist objects are constrained preventing optimization. Please run opt_design with -debug_log to get more detail. 
Opt_design Change Summary
=========================


-------------------------------------------------------------------------------------------------------------------------
|  Phase                        |  #Cells created  |  #Cells Removed  |  #Constrained objects preventing optimizations  |
-------------------------------------------------------------------------------------------------------------------------
|  Retarget                     |              74  |             538  |                                            188  |
|  Constant propagation         |             127  |             571  |                                            155  |
|  Sweep                        |               0  |            1875  |                                           1655  |
|  BUFG optimization            |               0  |               0  |                                              0  |
|  Shift Register Optimization  |               0  |               0  |                                              0  |
|  Post Processing Netlist      |               0  |               1  |                                            181  |
-------------------------------------------------------------------------------------------------------------------------



Starting Connectivity Check Task

Time (s): cpu = 00:00:00 ; elapsed = 00:00:00.048 . Memory (MB): peak = 3988.176 ; gain = 0.000
Ending Logic Optimization Task | Checksum: 4ea5a93e

Time (s): cpu = 00:00:03 ; elapsed = 00:00:38 . Memory (MB): peak = 3988.176 ; gain = 19.922

Starting Power Optimization Task
INFO: [Pwropt 34-132] Skipping clock gating for clocks with a period < 2.00 ns.
INFO: [Timing 38-35] Done setting XDC timing constraints.
Running Vector-less Activity Propagation...

Finished Running Vector-less Activity Propagation
INFO: [Pwropt 34-9] Applying IDT optimizations ...
INFO: [Pwropt 34-10] Applying ODC optimizations ...


Starting PowerOpt Patch Enables Task
INFO: [Pwropt 34-162] WRITE_MODE attribute of 134 BRAM(s) out of a total of 499 has been updated to save power. Run report_power_opt to get a complete listing of the BRAMs updated.
INFO: [Timing 38-35] Done setting XDC timing constraints.
INFO: [Pwropt 34-201] Structural ODC has moved 1 WE to EN ports
Number of BRAM Ports augmented: 620 newly gated: 1 Total Ports: 998
Ending PowerOpt Patch Enables Task | Checksum: 14f76a0a5

Time (s): cpu = 00:00:02 ; elapsed = 00:00:06 . Memory (MB): peak = 5205.656 ; gain = 0.000
Ending Power Optimization Task | Checksum: 14f76a0a5

Time (s): cpu = 00:00:08 ; elapsed = 00:00:39 . Memory (MB): peak = 5205.656 ; gain = 1217.480

Starting Final Cleanup Task

Starting Logic Optimization Task
INFO: [Timing 38-35] Done setting XDC timing constraints.
Ending Logic Optimization Task | Checksum: 1b67f891b

Time (s): cpu = 00:00:01 ; elapsed = 00:00:06 . Memory (MB): peak = 5205.656 ; gain = 0.000
Ending Final Cleanup Task | Checksum: 1b67f891b

Time (s): cpu = 00:00:01 ; elapsed = 00:00:09 . Memory (MB): peak = 5205.656 ; gain = 0.000

Starting Netlist Obfuscation Task
Netlist sorting complete. Time (s): cpu = 00:00:00 ; elapsed = 00:00:00.020 . Memory (MB): peak = 5205.656 ; gain = 0.000
Ending Netlist Obfuscation Task | Checksum: 1b67f891b

Time (s): cpu = 00:00:00 ; elapsed = 00:00:00.025 . Memory (MB): peak = 5205.656 ; gain = 0.000
INFO: [Common 17-83] Releasing license: Implementation
168 Infos, 4 Warnings, 0 Critical Warnings and 0 Errors encountered.
opt_design completed successfully
opt_design: Time (s): cpu = 00:00:14 ; elapsed = 00:01:34 . Memory (MB): peak = 5205.656 ; gain = 1602.270
INFO: [runtcl-4] Executing : report_drc -file system_wrapper_drc_opted.rpt -pb system_wrapper_drc_opted.pb -rpx system_wrapper_drc_opted.rpx
Command: report_drc -file system_wrapper_drc_opted.rpt -pb system_wrapper_drc_opted.pb -rpx system_wrapper_drc_opted.rpx
INFO: [IP_Flow 19-1839] IP Catalog is up to date.
INFO: [Timing 38-35] Done setting XDC timing constraints.
INFO: [DRC 23-27] Running DRC with 2 threads
INFO: [Vivado_Tcl 2-168] The results of DRC are in file E:/vivao_workspace/SystemC/719C_PL_CONV_ACC/719C_PL_CONV_ACC.runs/impl_1/system_wrapper_drc_opted.rpt.
report_drc completed successfully
report_drc: Time (s): cpu = 00:00:03 ; elapsed = 00:00:31 . Memory (MB): peak = 5603.484 ; gain = 397.828
INFO: [Timing 38-480] Writing timing data to binary archive.
INFO: [Common 17-1381] The checkpoint 'E:/vivao_workspace/SystemC/719C_PL_CONV_ACC/719C_PL_CONV_ACC.runs/impl_1/system_wrapper_opt.dcp' has been generated.
write_checkpoint: Time (s): cpu = 00:00:01 ; elapsed = 00:00:09 . Memory (MB): peak = 5603.484 ; gain = 0.000
INFO: [Chipscope 16-240] Debug cores have already been implemented
Command: place_design
Attempting to get a license for feature 'Implementation' and/or device 'xczu19eg_SE'
INFO: [Common 17-349] Got license for feature 'Implementation' and/or device 'xczu19eg_SE'
INFO: [DRC 23-27] Running DRC with 2 threads
INFO: [Vivado_Tcl 4-198] DRC finished with 0 Errors, 2 Advisories
INFO: [Vivado_Tcl 4-199] Please refer to the DRC report (report_drc) for more information.
Running DRC as a precondition to command place_design
INFO: [DRC 23-27] Running DRC with 2 threads
INFO: [Vivado_Tcl 4-198] DRC finished with 0 Errors, 1 Advisories
INFO: [Vivado_Tcl 4-199] Please refer to the DRC report (report_drc) for more information.

Starting Placer Task
INFO: [Place 30-611] Multithreading enabled for place_design using a maximum of 2 CPUs

Phase 1 Placer Initialization

Phase 1.1 Placer Initialization Netlist Sorting
Netlist sorting complete. Time (s): cpu = 00:00:00 ; elapsed = 00:00:00.018 . Memory (MB): peak = 5605.324 ; gain = 0.000
Phase 1.1 Placer Initialization Netlist Sorting | Checksum: c7f24f60

Time (s): cpu = 00:00:00 ; elapsed = 00:00:00.035 . Memory (MB): peak = 5605.324 ; gain = 0.000
Netlist sorting complete. Time (s): cpu = 00:00:00 ; elapsed = 00:00:00.018 . Memory (MB): peak = 5605.324 ; gain = 0.000

Phase 1.2 IO Placement/ Clock Placement/ Build Placer Device
Phase 1.2 IO Placement/ Clock Placement/ Build Placer Device | Checksum: 1a7c5d2e9

Time (s): cpu = 00:00:00 ; elapsed = 00:00:04 . Memory (MB): peak = 5605.324 ; gain = 0.000

Phase 1.3 Build Placer Netlist Model
Phase 1.3 Build Placer Netlist Model | Checksum: 249d42d17

Time (s): cpu = 00:00:01 ; elapsed = 00:00:15 . Memory (MB): peak = 5705.184 ; gain = 99.859

Phase 1.4 Constrain Clocks/Macros
Phase 1.4 Constrain Clocks/Macros | Checksum: 249d42d17

Time (s): cpu = 00:00:01 ; elapsed = 00:00:15 . Memory (MB): peak = 5705.184 ; gain = 99.859
Phase 1 Placer Initialization | Checksum: 249d42d17

Time (s): cpu = 00:00:01 ; elapsed = 00:00:15 . Memory (MB): peak = 5705.184 ; gain = 99.859

Phase 2 Global Placement

Phase 2.1 Floorplanning

Phase 2.1.1 Partition Driven Placement

Phase 2.1.1.1 PBP: Partition Driven Placement
Phase 2.1.1.1 PBP: Partition Driven Placement | Checksum: 291253951

Time (s): cpu = 00:00:04 ; elapsed = 00:00:31 . Memory (MB): peak = 5705.184 ; gain = 99.859

Phase 2.1.1.2 PBP: Clock Region Placement
INFO: [Place 30-3162] Check ILP status : ILP-based clock placer completed successfully.
Phase 2.1.1.2 PBP: Clock Region Placement | Checksum: 1eb3be03b

Time (s): cpu = 00:00:04 ; elapsed = 00:00:33 . Memory (MB): peak = 5705.184 ; gain = 99.859

Phase 2.1.1.3 PBP: Discrete Incremental
Phase 2.1.1.3 PBP: Discrete Incremental | Checksum: 1c7d9e22c

Time (s): cpu = 00:00:04 ; elapsed = 00:00:33 . Memory (MB): peak = 5705.184 ; gain = 99.859

Phase 2.1.1.4 PBP: Compute Congestion
Phase 2.1.1.4 PBP: Compute Congestion | Checksum: 1c7d9e22c

Time (s): cpu = 00:00:06 ; elapsed = 00:00:44 . Memory (MB): peak = 5776.199 ; gain = 170.875

Phase 2.1.1.5 PBP: Macro Placement
Phase 2.1.1.5 PBP: Macro Placement | Checksum: 105c87025

Time (s): cpu = 00:00:06 ; elapsed = 00:00:47 . Memory (MB): peak = 5783.770 ; gain = 178.445

Phase 2.1.1.6 PBP: UpdateTiming
Phase 2.1.1.6 PBP: UpdateTiming | Checksum: 15fe24c55

Time (s): cpu = 00:00:07 ; elapsed = 00:00:49 . Memory (MB): peak = 5786.902 ; gain = 181.578

Phase 2.1.1.7 PBP: Add part constraints
Phase 2.1.1.7 PBP: Add part constraints | Checksum: 15fe24c55

Time (s): cpu = 00:00:07 ; elapsed = 00:00:49 . Memory (MB): peak = 5786.902 ; gain = 181.578
Phase 2.1.1 Partition Driven Placement | Checksum: 15fe24c55

Time (s): cpu = 00:00:07 ; elapsed = 00:00:49 . Memory (MB): peak = 5786.902 ; gain = 181.578
Phase 2.1 Floorplanning | Checksum: 1c85e1562

Time (s): cpu = 00:00:07 ; elapsed = 00:00:49 . Memory (MB): peak = 5786.902 ; gain = 181.578

Phase 2.2 Update Timing before SLR Path Opt
Phase 2.2 Update Timing before SLR Path Opt | Checksum: 1c85e1562

Time (s): cpu = 00:00:07 ; elapsed = 00:00:50 . Memory (MB): peak = 5786.902 ; gain = 181.578

Phase 2.3 Post-Processing in Floorplanning
Phase 2.3 Post-Processing in Floorplanning | Checksum: 1c85e1562

Time (s): cpu = 00:00:07 ; elapsed = 00:00:50 . Memory (MB): peak = 5786.902 ; gain = 181.578

Phase 2.4 Global Placement Core

Phase 2.4.1 UpdateTiming Before Physical Synthesis
Phase 2.4.1 UpdateTiming Before Physical Synthesis | Checksum: 27d6d9777

Time (s): cpu = 00:00:25 ; elapsed = 00:02:14 . Memory (MB): peak = 6084.379 ; gain = 479.055

Phase 2.4.2 Physical Synthesis In Placer
INFO: [Physopt 32-1035] Found 0 LUTNM shape to break, 1118 LUT instances to create LUTNM shape
INFO: [Physopt 32-1044] Break lutnm for timing: one critical 0, two critical 0, total 0, new lutff created 0
INFO: [Physopt 32-1138] End 1 Pass. Optimized 471 nets or LUTs. Breaked 0 LUT, combined 471 existing LUTs and moved 0 existing LUT
INFO: [Physopt 32-1030] Pass 1. Identified 5 candidate driver sets for equivalent driver rewiring.
INFO: [Physopt 32-661] Optimized 1 net.  Re-placed 2 instances.
INFO: [Physopt 32-775] End 1 Pass. Optimized 1 net or cell. Created 0 new cell, deleted 0 existing cell and moved 2 existing cells
Netlist sorting complete. Time (s): cpu = 00:00:00 ; elapsed = 00:00:00.022 . Memory (MB): peak = 6084.379 ; gain = 0.000
INFO: [Physopt 32-65] No nets found for high-fanout optimization.
INFO: [Physopt 32-232] Optimized 0 net. Created 0 new instance.
INFO: [Physopt 32-775] End 1 Pass. Optimized 0 net or cell. Created 0 new cell, deleted 0 existing cell and moved 0 existing cell
INFO: [Physopt 32-670] No setup violation found.  DSP Register Optimization was not performed.
INFO: [Physopt 32-670] No setup violation found.  Shift Register to Pipeline Optimization was not performed.
INFO: [Physopt 32-670] No setup violation found.  Shift Register Optimization was not performed.
INFO: [Physopt 32-670] No setup violation found.  BRAM Register Optimization was not performed.
INFO: [Physopt 32-670] No setup violation found.  URAM Register Optimization was not performed.
INFO: [Physopt 32-949] No candidate nets found for dynamic/static region interface net replication
INFO: [Physopt 32-775] End 1 Pass. Optimized 0 net or cell. Created 0 new cell, deleted 0 existing cell and moved 0 existing cell
Netlist sorting complete. Time (s): cpu = 00:00:00 ; elapsed = 00:00:00.016 . Memory (MB): peak = 6084.379 ; gain = 0.000

Summary of Physical Synthesis Optimizations
============================================


-----------------------------------------------------------------------------------------------------------------------------------------------------------
|  Optimization                                     |  Added Cells  |  Removed Cells  |  Optimized Cells/Nets  |  Dont Touch  |  Iterations  |  Elapsed   |
-----------------------------------------------------------------------------------------------------------------------------------------------------------
|  LUT Combining                                    |            0  |            471  |                   471  |           0  |           1  |  00:00:00  |
|  Retime                                           |            0  |              0  |                     0  |           0  |           1  |  00:00:00  |
|  Equivalent Driver Rewiring                       |            0  |              0  |                     1  |           0  |           1  |  00:00:00  |
|  Very High Fanout                                 |            0  |              0  |                     0  |           0  |           1  |  00:00:00  |
|  DSP Register                                     |            0  |              0  |                     0  |           0  |           0  |  00:00:00  |
|  Shift Register to Pipeline                       |            0  |              0  |                     0  |           0  |           0  |  00:00:00  |
|  Shift Register                                   |            0  |              0  |                     0  |           0  |           0  |  00:00:00  |
|  BRAM Register                                    |            0  |              0  |                     0  |           0  |           0  |  00:00:00  |
|  URAM Register                                    |            0  |              0  |                     0  |           0  |           0  |  00:00:00  |
|  Dynamic/Static Region Interface Net Replication  |            0  |              0  |                     0  |           0  |           1  |  00:00:00  |
|  Total                                            |            0  |            471  |                   472  |           0  |           5  |  00:00:01  |
-----------------------------------------------------------------------------------------------------------------------------------------------------------


Phase 2.4.2 Physical Synthesis In Placer | Checksum: 14c9c3728

Time (s): cpu = 00:00:25 ; elapsed = 00:02:19 . Memory (MB): peak = 6084.379 ; gain = 479.055
Phase 2.4 Global Placement Core | Checksum: 2358b4dd1

Time (s): cpu = 00:00:28 ; elapsed = 00:02:42 . Memory (MB): peak = 6084.379 ; gain = 479.055
Phase 2 Global Placement | Checksum: 2358b4dd1

Time (s): cpu = 00:00:28 ; elapsed = 00:02:42 . Memory (MB): peak = 6084.379 ; gain = 479.055

Phase 3 Detail Placement

Phase 3.1 Commit Multi Column Macros
Phase 3.1 Commit Multi Column Macros | Checksum: 236f4d47b

Time (s): cpu = 00:00:32 ; elapsed = 00:02:52 . Memory (MB): peak = 6084.379 ; gain = 479.055

Phase 3.2 Commit Most Macros & LUTRAMs
Phase 3.2 Commit Most Macros & LUTRAMs | Checksum: 180911918

Time (s): cpu = 00:00:33 ; elapsed = 00:02:55 . Memory (MB): peak = 6084.379 ; gain = 479.055

Phase 3.3 Small Shape DP

Phase 3.3.1 Small Shape Clustering
Phase 3.3.1 Small Shape Clustering | Checksum: 1852a8365

Time (s): cpu = 00:00:34 ; elapsed = 00:03:14 . Memory (MB): peak = 6084.379 ; gain = 479.055

Phase 3.3.2 Flow Legalize Slice Clusters
Phase 3.3.2 Flow Legalize Slice Clusters | Checksum: 118334448

Time (s): cpu = 00:00:35 ; elapsed = 00:03:23 . Memory (MB): peak = 6093.562 ; gain = 488.238

Phase 3.3.3 Slice Area Swap

Phase 3.3.3.1 Slice Area Swap Initial
Phase 3.3.3.1 Slice Area Swap Initial | Checksum: 1136421b8

Time (s): cpu = 00:00:35 ; elapsed = 00:03:25 . Memory (MB): peak = 6103.414 ; gain = 498.090
Phase 3.3.3 Slice Area Swap | Checksum: 1136421b8

Time (s): cpu = 00:00:35 ; elapsed = 00:03:25 . Memory (MB): peak = 6110.383 ; gain = 505.059
Phase 3.3 Small Shape DP | Checksum: 22617144c

Time (s): cpu = 00:00:37 ; elapsed = 00:03:46 . Memory (MB): peak = 6116.855 ; gain = 511.531

Phase 3.4 Re-assign LUT pins
Phase 3.4 Re-assign LUT pins | Checksum: 1fa205f40

Time (s): cpu = 00:00:37 ; elapsed = 00:03:47 . Memory (MB): peak = 6116.855 ; gain = 511.531

Phase 3.5 Pipeline Register Optimization
Phase 3.5 Pipeline Register Optimization | Checksum: 1572c253c

Time (s): cpu = 00:00:37 ; elapsed = 00:03:47 . Memory (MB): peak = 6116.855 ; gain = 511.531
Phase 3 Detail Placement | Checksum: 1572c253c

Time (s): cpu = 00:00:37 ; elapsed = 00:03:48 . Memory (MB): peak = 6116.855 ; gain = 511.531

Phase 4 Post Placement Optimization and Clean-Up

Phase 4.1 Post Commit Optimization
INFO: [Timing 38-35] Done setting XDC timing constraints.

Phase 4.1.1 Post Placement Optimization
Post Placement Optimization Initialization | Checksum: 1182aeb8a

Phase 4.1.1.1 BUFG Insertion

Starting Physical Synthesis Task

Phase 1 Physical Synthesis Initialization
INFO: [Physopt 32-721] Multithreading enabled for phys_opt_design using a maximum of 2 CPUs
INFO: [Physopt 32-619] Estimated Timing Summary | WNS=2.049 | TNS=0.000 |
Phase 1 Physical Synthesis Initialization | Checksum: 924d0e3d

Time (s): cpu = 00:00:00 ; elapsed = 00:00:01 . Memory (MB): peak = 6173.738 ; gain = 0.000
INFO: [Place 46-56] BUFG insertion identified 0 candidate nets. Inserted BUFG: 0, Replicated BUFG Driver: 0, Skipped due to Placement/Routing Conflicts: 0, Skipped due to Timing Degradation: 0, Skipped due to netlist editing failed: 0.
Ending Physical Synthesis Task | Checksum: 924d0e3d

Time (s): cpu = 00:00:00 ; elapsed = 00:00:02 . Memory (MB): peak = 6173.738 ; gain = 0.000
Phase 4.1.1.1 BUFG Insertion | Checksum: 1182aeb8a

Time (s): cpu = 00:00:40 ; elapsed = 00:04:15 . Memory (MB): peak = 6173.738 ; gain = 568.414

Phase 4.1.1.2 Post Placement Timing Optimization
INFO: [Place 30-746] Post Placement Timing Summary WNS=2.049. For the most accurate timing information please run report_timing.
Phase 4.1.1.2 Post Placement Timing Optimization | Checksum: bb5dd70c

Time (s): cpu = 00:00:40 ; elapsed = 00:04:16 . Memory (MB): peak = 6173.738 ; gain = 568.414

Time (s): cpu = 00:00:40 ; elapsed = 00:04:16 . Memory (MB): peak = 6173.738 ; gain = 568.414
Phase 4.1 Post Commit Optimization | Checksum: bb5dd70c

Time (s): cpu = 00:00:40 ; elapsed = 00:04:16 . Memory (MB): peak = 6173.738 ; gain = 568.414
Netlist sorting complete. Time (s): cpu = 00:00:00 ; elapsed = 00:00:00.018 . Memory (MB): peak = 6243.305 ; gain = 0.000

Phase 4.2 Post Placement Cleanup
Phase 4.2 Post Placement Cleanup | Checksum: 1830e3a6e

Time (s): cpu = 00:00:42 ; elapsed = 00:04:35 . Memory (MB): peak = 6243.305 ; gain = 637.980

Phase 4.3 Placer Reporting

Phase 4.3.1 Print Estimated Congestion
INFO: [Place 30-612] Post-Placement Estimated Congestion 
 ________________________________________________________________________
|           | Global Congestion | Long Congestion   | Short Congestion  |
| Direction | Region Size       | Region Size       | Region Size       |
|___________|___________________|___________________|___________________|
|      North|                1x1|                1x1|                2x2|
|___________|___________________|___________________|___________________|
|      South|                1x1|                1x1|                1x1|
|___________|___________________|___________________|___________________|
|       East|                1x1|                1x1|                2x2|
|___________|___________________|___________________|___________________|
|       West|                1x1|                1x1|                4x4|
|___________|___________________|___________________|___________________|

Phase 4.3.1 Print Estimated Congestion | Checksum: 1830e3a6e

Time (s): cpu = 00:00:42 ; elapsed = 00:04:35 . Memory (MB): peak = 6243.305 ; gain = 637.980
Phase 4.3 Placer Reporting | Checksum: 1830e3a6e

Time (s): cpu = 00:00:42 ; elapsed = 00:04:35 . Memory (MB): peak = 6243.305 ; gain = 637.980

Phase 4.4 Final Placement Cleanup
Netlist sorting complete. Time (s): cpu = 00:00:00 ; elapsed = 00:00:00.018 . Memory (MB): peak = 6243.305 ; gain = 0.000

Time (s): cpu = 00:00:42 ; elapsed = 00:04:35 . Memory (MB): peak = 6243.305 ; gain = 637.980
Phase 4 Post Placement Optimization and Clean-Up | Checksum: 2569e68b0

Time (s): cpu = 00:00:42 ; elapsed = 00:04:35 . Memory (MB): peak = 6243.305 ; gain = 637.980
Ending Placer Task | Checksum: 1e5a853cc

Time (s): cpu = 00:00:42 ; elapsed = 00:04:35 . Memory (MB): peak = 6243.305 ; gain = 637.980
INFO: [Common 17-83] Releasing license: Implementation
208 Infos, 4 Warnings, 0 Critical Warnings and 0 Errors encountered.
place_design completed successfully
place_design: Time (s): cpu = 00:00:43 ; elapsed = 00:04:39 . Memory (MB): peak = 6243.305 ; gain = 639.820
INFO: [runtcl-4] Executing : report_io -file system_wrapper_io_placed.rpt
report_io: Time (s): cpu = 00:00:00 ; elapsed = 00:00:00.168 . Memory (MB): peak = 6243.305 ; gain = 0.000
INFO: [runtcl-4] Executing : report_utilization -file system_wrapper_utilization_placed.rpt -pb system_wrapper_utilization_placed.pb
INFO: [runtcl-4] Executing : report_control_sets -verbose -file system_wrapper_control_sets_placed.rpt
report_control_sets: Time (s): cpu = 00:00:00 ; elapsed = 00:00:00.090 . Memory (MB): peak = 6243.305 ; gain = 0.000
INFO: [Timing 38-480] Writing timing data to binary archive.
Writing XDEF routing.
Writing XDEF routing logical nets.
Writing XDEF routing special nets.
Write XDEF Complete: Time (s): cpu = 00:00:02 ; elapsed = 00:00:04 . Memory (MB): peak = 6243.305 ; gain = 0.000
INFO: [Common 17-1381] The checkpoint 'E:/vivao_workspace/SystemC/719C_PL_CONV_ACC/719C_PL_CONV_ACC.runs/impl_1/system_wrapper_placed.dcp' has been generated.
write_checkpoint: Time (s): cpu = 00:00:02 ; elapsed = 00:00:11 . Memory (MB): peak = 6243.305 ; gain = 0.000
Command: route_design
Attempting to get a license for feature 'Implementation' and/or device 'xczu19eg_SE'
INFO: [Common 17-349] Got license for feature 'Implementation' and/or device 'xczu19eg_SE'
Running DRC as a precondition to command route_design
INFO: [DRC 23-27] Running DRC with 2 threads
INFO: [Vivado_Tcl 4-198] DRC finished with 0 Errors, 2 Advisories
INFO: [Vivado_Tcl 4-199] Please refer to the DRC report (report_drc) for more information.


Starting Routing Task
INFO: [Route 35-254] Multithreading enabled for route_design using a maximum of 2 CPUs

Phase 1 Build RT Design
Checksum: PlaceDB: 2182cccd ConstDB: 0 ShapeSum: fc75239d RouteDB: c7b06362
Nodegraph reading from file.  Time (s): cpu = 00:00:00 ; elapsed = 00:00:01 . Memory (MB): peak = 6243.305 ; gain = 0.000
Post Restoration Checksum: NetGraph: 78bd4489 | NumContArr: f64ca4d3 | Constraints: 8cbc10f2 | Timing: 0
Phase 1 Build RT Design | Checksum: 1fbc5fa4e

Time (s): cpu = 00:00:01 ; elapsed = 00:00:14 . Memory (MB): peak = 6243.305 ; gain = 0.000

Phase 2 Router Initialization

Phase 2.1 Fix Topology Constraints
Phase 2.1 Fix Topology Constraints | Checksum: 1fbc5fa4e

Time (s): cpu = 00:00:01 ; elapsed = 00:00:14 . Memory (MB): peak = 6243.305 ; gain = 0.000

Phase 2.2 Pre Route Cleanup
Phase 2.2 Pre Route Cleanup | Checksum: 1fbc5fa4e

Time (s): cpu = 00:00:01 ; elapsed = 00:00:14 . Memory (MB): peak = 6243.305 ; gain = 0.000

Phase 2.3 Global Clock Net Routing
 Number of Nodes with overlaps = 0
Phase 2.3 Global Clock Net Routing | Checksum: 1c0785fc9

Time (s): cpu = 00:00:01 ; elapsed = 00:00:20 . Memory (MB): peak = 6350.281 ; gain = 106.977

Phase 2.4 Update Timing
Phase 2.4 Update Timing | Checksum: 199eca411

Time (s): cpu = 00:00:02 ; elapsed = 00:00:24 . Memory (MB): peak = 6350.281 ; gain = 106.977
INFO: [Route 35-416] Intermediate Timing Summary | WNS=2.414  | TNS=0.000  | WHS=-0.198 | THS=-36.654|


Phase 2.5 Update Timing for Bus Skew

Phase 2.5.1 Update Timing
Phase 2.5.1 Update Timing | Checksum: 17d74dc65

Time (s): cpu = 00:00:03 ; elapsed = 00:00:36 . Memory (MB): peak = 6350.281 ; gain = 106.977
INFO: [Route 35-416] Intermediate Timing Summary | WNS=2.414  | TNS=0.000  | WHS=N/A    | THS=N/A    |

Phase 2.5 Update Timing for Bus Skew | Checksum: 1c396ebfc

Time (s): cpu = 00:00:03 ; elapsed = 00:00:36 . Memory (MB): peak = 6350.281 ; gain = 106.977

Router Utilization Summary
  Global Vertical Routing Utilization    = 0.000281661 %
  Global Horizontal Routing Utilization  = 0.000337959 %
  Routable Net Status*
  *Does not include unroutable nets such as driverless and loadless.
  Run report_route_status for detailed report.
  Number of Failed Nets               = 40738
    (Failed Nets is the sum of unrouted and partially routed nets)
  Number of Unrouted Nets             = 36493
  Number of Partially Routed Nets     = 4245
  Number of Node Overlaps             = 0

Phase 2 Router Initialization | Checksum: 1be79be0a

Time (s): cpu = 00:00:04 ; elapsed = 00:00:38 . Memory (MB): peak = 6350.281 ; gain = 106.977

Phase 3 Initial Routing

Phase 3.1 Global Routing
Phase 3.1 Global Routing | Checksum: 1be79be0a

Time (s): cpu = 00:00:04 ; elapsed = 00:00:38 . Memory (MB): peak = 6350.281 ; gain = 106.977
Phase 3 Initial Routing | Checksum: 2a49c3d23

Time (s): cpu = 00:00:06 ; elapsed = 00:00:50 . Memory (MB): peak = 6350.281 ; gain = 106.977

Phase 4 Rip-up And Reroute

Phase 4.1 Global Iteration 0
 Number of Nodes with overlaps = 5389
 Number of Nodes with overlaps = 356
 Number of Nodes with overlaps = 10
 Number of Nodes with overlaps = 1
 Number of Nodes with overlaps = 1
 Number of Nodes with overlaps = 0
INFO: [Route 35-416] Intermediate Timing Summary | WNS=0.604  | TNS=0.000  | WHS=-0.005 | THS=-0.012 |

Phase 4.1 Global Iteration 0 | Checksum: 28b1abea5

Time (s): cpu = 00:00:12 ; elapsed = 00:01:55 . Memory (MB): peak = 6605.141 ; gain = 361.836

Phase 4.2 Additional Iteration for Hold
Phase 4.2 Additional Iteration for Hold | Checksum: 2c8962838

Time (s): cpu = 00:00:12 ; elapsed = 00:01:55 . Memory (MB): peak = 6605.141 ; gain = 361.836
Phase 4 Rip-up And Reroute | Checksum: 2c8962838

Time (s): cpu = 00:00:12 ; elapsed = 00:01:55 . Memory (MB): peak = 6605.141 ; gain = 361.836

Phase 5 Delay and Skew Optimization

Phase 5.1 Delay CleanUp

Phase 5.1.1 Update Timing
Phase 5.1.1 Update Timing | Checksum: 1cb134095

Time (s): cpu = 00:00:12 ; elapsed = 00:02:00 . Memory (MB): peak = 6605.141 ; gain = 361.836
INFO: [Route 35-416] Intermediate Timing Summary | WNS=0.604  | TNS=0.000  | WHS=0.010  | THS=0.000  |


Phase 5.1.2 Update Timing
Phase 5.1.2 Update Timing | Checksum: 2395e7060

Time (s): cpu = 00:00:12 ; elapsed = 00:02:03 . Memory (MB): peak = 6605.141 ; gain = 361.836
INFO: [Route 35-416] Intermediate Timing Summary | WNS=0.604  | TNS=0.000  | WHS=0.010  | THS=0.000  |

Phase 5.1 Delay CleanUp | Checksum: 29ba4f8a6

Time (s): cpu = 00:00:12 ; elapsed = 00:02:03 . Memory (MB): peak = 6605.141 ; gain = 361.836

Phase 5.2 Clock Skew Optimization
Phase 5.2 Clock Skew Optimization | Checksum: 29ba4f8a6

Time (s): cpu = 00:00:12 ; elapsed = 00:02:03 . Memory (MB): peak = 6605.141 ; gain = 361.836
Phase 5 Delay and Skew Optimization | Checksum: 29ba4f8a6

Time (s): cpu = 00:00:12 ; elapsed = 00:02:04 . Memory (MB): peak = 6605.141 ; gain = 361.836

Phase 6 Post Hold Fix

Phase 6.1 Hold Fix Iter

Phase 6.1.1 Update Timing
Phase 6.1.1 Update Timing | Checksum: 25151d851

Time (s): cpu = 00:00:12 ; elapsed = 00:02:06 . Memory (MB): peak = 6605.141 ; gain = 361.836
INFO: [Route 35-416] Intermediate Timing Summary | WNS=0.604  | TNS=0.000  | WHS=0.010  | THS=0.000  |

Phase 6.1 Hold Fix Iter | Checksum: 21e38b525

Time (s): cpu = 00:00:12 ; elapsed = 00:02:07 . Memory (MB): peak = 6605.141 ; gain = 361.836
Phase 6 Post Hold Fix | Checksum: 21e38b525

Time (s): cpu = 00:00:12 ; elapsed = 00:02:07 . Memory (MB): peak = 6605.141 ; gain = 361.836

Phase 7 Route finalize

Router Utilization Summary
  Global Vertical Routing Utilization    = 2.10514 %
  Global Horizontal Routing Utilization  = 1.31457 %
  Routable Net Status*
  *Does not include unroutable nets such as driverless and loadless.
  Run report_route_status for detailed report.
  Number of Failed Nets               = 0
    (Failed Nets is the sum of unrouted and partially routed nets)
  Number of Unrouted Nets             = 0
  Number of Partially Routed Nets     = 0
  Number of Node Overlaps             = 0

Phase 7 Route finalize | Checksum: 2379ef63b

Time (s): cpu = 00:00:12 ; elapsed = 00:02:07 . Memory (MB): peak = 6605.141 ; gain = 361.836

Phase 8 Verifying routed nets

 Verification completed successfully
Phase 8 Verifying routed nets | Checksum: 2379ef63b

Time (s): cpu = 00:00:12 ; elapsed = 00:02:07 . Memory (MB): peak = 6605.141 ; gain = 361.836

Phase 9 Depositing Routes
Phase 9 Depositing Routes | Checksum: 2379ef63b

Time (s): cpu = 00:00:12 ; elapsed = 00:02:09 . Memory (MB): peak = 6605.141 ; gain = 361.836

Phase 10 Resolve XTalk
Phase 10 Resolve XTalk | Checksum: 2379ef63b

Time (s): cpu = 00:00:13 ; elapsed = 00:02:10 . Memory (MB): peak = 6605.141 ; gain = 361.836

Phase 11 Post Router Timing
INFO: [Route 35-57] Estimated Timing Summary | WNS=0.604  | TNS=0.000  | WHS=0.010  | THS=0.000  |

INFO: [Route 35-327] The final timing numbers are based on the router estimated timing analysis. For a complete and accurate timing signoff, please run report_timing_summary.
Phase 11 Post Router Timing | Checksum: 2379ef63b

Time (s): cpu = 00:00:13 ; elapsed = 00:02:11 . Memory (MB): peak = 6605.141 ; gain = 361.836
INFO: [Route 35-16] Router Completed Successfully

Phase 12 Post-Route Event Processing
Phase 12 Post-Route Event Processing | Checksum: 1db7d9bc8

Time (s): cpu = 00:00:13 ; elapsed = 00:02:12 . Memory (MB): peak = 6605.141 ; gain = 361.836

Time (s): cpu = 00:00:13 ; elapsed = 00:02:12 . Memory (MB): peak = 6605.141 ; gain = 361.836

Routing Is Done.
INFO: [Common 17-83] Releasing license: Implementation
228 Infos, 4 Warnings, 0 Critical Warnings and 0 Errors encountered.
route_design completed successfully
route_design: Time (s): cpu = 00:00:15 ; elapsed = 00:02:21 . Memory (MB): peak = 6605.141 ; gain = 361.836
INFO: [runtcl-4] Executing : report_drc -file system_wrapper_drc_routed.rpt -pb system_wrapper_drc_routed.pb -rpx system_wrapper_drc_routed.rpx
Command: report_drc -file system_wrapper_drc_routed.rpt -pb system_wrapper_drc_routed.pb -rpx system_wrapper_drc_routed.rpx
INFO: [IP_Flow 19-1839] IP Catalog is up to date.
INFO: [DRC 23-27] Running DRC with 2 threads
INFO: [Vivado_Tcl 2-168] The results of DRC are in file E:/vivao_workspace/SystemC/719C_PL_CONV_ACC/719C_PL_CONV_ACC.runs/impl_1/system_wrapper_drc_routed.rpt.
report_drc completed successfully
report_drc: Time (s): cpu = 00:00:01 ; elapsed = 00:00:12 . Memory (MB): peak = 6605.141 ; gain = 0.000
INFO: [runtcl-4] Executing : report_methodology -file system_wrapper_methodology_drc_routed.rpt -pb system_wrapper_methodology_drc_routed.pb -rpx system_wrapper_methodology_drc_routed.rpx
Command: report_methodology -file system_wrapper_methodology_drc_routed.rpt -pb system_wrapper_methodology_drc_routed.pb -rpx system_wrapper_methodology_drc_routed.rpx
INFO: [Timing 38-35] Done setting XDC timing constraints.
INFO: [DRC 23-133] Running Methodology with 2 threads
INFO: [Vivado_Tcl 2-1520] The results of Report Methodology are in file E:/vivao_workspace/SystemC/719C_PL_CONV_ACC/719C_PL_CONV_ACC.runs/impl_1/system_wrapper_methodology_drc_routed.rpt.
report_methodology completed successfully
report_methodology: Time (s): cpu = 00:00:00 ; elapsed = 00:00:11 . Memory (MB): peak = 6605.141 ; gain = 0.000
INFO: [runtcl-4] Executing : report_power -file system_wrapper_power_routed.rpt -pb system_wrapper_power_summary_routed.pb -rpx system_wrapper_power_routed.rpx
Command: report_power -file system_wrapper_power_routed.rpt -pb system_wrapper_power_summary_routed.pb -rpx system_wrapper_power_routed.rpx
INFO: [Timing 38-35] Done setting XDC timing constraints.
Running Vector-less Activity Propagation...

Finished Running Vector-less Activity Propagation
WARNING: [Power 33-332] Found switching activity that implies high-fanout reset nets being asserted for excessive periods of time which may result in inaccurate power analysis.
Resolution: To review and fix problems, please run Power Constraints Advisor in the GUI from Tools > Power Constraints Advisor or run report_power with the -advisory option to generate a text report.
238 Infos, 5 Warnings, 0 Critical Warnings and 0 Errors encountered.
report_power completed successfully
report_power: Time (s): cpu = 00:00:01 ; elapsed = 00:00:17 . Memory (MB): peak = 6605.141 ; gain = 0.000
INFO: [runtcl-4] Executing : report_route_status -file system_wrapper_route_status.rpt -pb system_wrapper_route_status.pb
INFO: [runtcl-4] Executing : report_timing_summary -max_paths 10 -file system_wrapper_timing_summary_routed.rpt -pb system_wrapper_timing_summary_routed.pb -rpx system_wrapper_timing_summary_routed.rpx -warn_on_violation 
INFO: [Timing 38-91] UpdateTimingParams: Speed grade: -2, Temperature grade: I, Delay Type: min_max.
INFO: [Timing 38-191] Multithreading enabled for timing update using a maximum of 2 CPUs
WARNING: [Timing 38-436] There are set_bus_skew constraint(s) in this design. Please run report_bus_skew to ensure that bus skew requirements are met.
INFO: [runtcl-4] Executing : report_incremental_reuse -file system_wrapper_incremental_reuse_routed.rpt
INFO: [Vivado_Tcl 4-1062] Incremental flow is disabled. No incremental reuse Info to report.
INFO: [runtcl-4] Executing : report_clock_utilization -file system_wrapper_clock_utilization_routed.rpt
report_clock_utilization: Time (s): cpu = 00:00:00 ; elapsed = 00:00:08 . Memory (MB): peak = 6605.141 ; gain = 0.000
INFO: [runtcl-4] Executing : report_bus_skew -warn_on_violation -file system_wrapper_bus_skew_routed.rpt -pb system_wrapper_bus_skew_routed.pb -rpx system_wrapper_bus_skew_routed.rpx
INFO: [Timing 38-91] UpdateTimingParams: Speed grade: -2, Temperature grade: I, Delay Type: min_max.
INFO: [Timing 38-191] Multithreading enabled for timing update using a maximum of 2 CPUs
INFO: [Timing 38-480] Writing timing data to binary archive.
Writing XDEF routing.
Writing XDEF routing logical nets.
Writing XDEF routing special nets.
Write XDEF Complete: Time (s): cpu = 00:00:01 ; elapsed = 00:00:05 . Memory (MB): peak = 6605.141 ; gain = 0.000
INFO: [Common 17-1381] The checkpoint 'E:/vivao_workspace/SystemC/719C_PL_CONV_ACC/719C_PL_CONV_ACC.runs/impl_1/system_wrapper_routed.dcp' has been generated.
write_checkpoint: Time (s): cpu = 00:00:01 ; elapsed = 00:00:09 . Memory (MB): peak = 6605.141 ; gain = 0.000
INFO: [Memdata 28-167] Found XPM memory block system_i/axi_smc/inst/s02_nodes/s02_w_node/inst/inst_mi_handler/gen_normal_area.inst_fifo_node_payld/gen_xpm_memory_fifo.inst_fifo/gen_mem_rep[0].inst_xpm_memory/xpm_memory_base_inst with a P_MEMORY_PRIMITIVE property set to distributed. A value of block is required. You will not be able to use the updatemem program to update the bitstream with new data for the system_i/axi_smc/inst/s02_nodes/s02_w_node/inst/inst_mi_handler/gen_normal_area.inst_fifo_node_payld/gen_xpm_memory_fifo.inst_fifo/gen_mem_rep[0].inst_xpm_memory/xpm_memory_base_inst block.
INFO: [Memdata 28-167] Found XPM memory block system_i/axi_smc/inst/s02_nodes/s02_w_node/inst/inst_mi_handler/gen_normal_area.gen_fifo_req.inst_fifo_req/gen_xpm_memory_fifo.inst_fifo/gen_mem_rep[0].inst_xpm_memory/xpm_memory_base_inst with a P_MEMORY_PRIMITIVE property set to distributed. A value of block is required. You will not be able to use the updatemem program to update the bitstream with new data for the system_i/axi_smc/inst/s02_nodes/s02_w_node/inst/inst_mi_handler/gen_normal_area.gen_fifo_req.inst_fifo_req/gen_xpm_memory_fifo.inst_fifo/gen_mem_rep[0].inst_xpm_memory/xpm_memory_base_inst block.
INFO: [Memdata 28-167] Found XPM memory block system_i/axi_smc/inst/s02_nodes/s02_b_node/inst/inst_mi_handler/gen_normal_area.inst_fifo_node_payld/gen_xpm_memory_fifo.inst_fifo/gen_mem_rep[0].inst_xpm_memory/xpm_memory_base_inst with a P_MEMORY_PRIMITIVE property set to distributed. A value of block is required. You will not be able to use the updatemem program to update the bitstream with new data for the system_i/axi_smc/inst/s02_nodes/s02_b_node/inst/inst_mi_handler/gen_normal_area.inst_fifo_node_payld/gen_xpm_memory_fifo.inst_fifo/gen_mem_rep[0].inst_xpm_memory/xpm_memory_base_inst block.
INFO: [Memdata 28-167] Found XPM memory block system_i/axi_smc/inst/s02_nodes/s02_aw_node/inst/inst_mi_handler/gen_normal_area.inst_fifo_node_payld/gen_xpm_memory_fifo.inst_fifo/gen_mem_rep[0].inst_xpm_memory/xpm_memory_base_inst with a P_MEMORY_PRIMITIVE property set to distributed. A value of block is required. You will not be able to use the updatemem program to update the bitstream with new data for the system_i/axi_smc/inst/s02_nodes/s02_aw_node/inst/inst_mi_handler/gen_normal_area.inst_fifo_node_payld/gen_xpm_memory_fifo.inst_fifo/gen_mem_rep[0].inst_xpm_memory/xpm_memory_base_inst block.
INFO: [Memdata 28-167] Found XPM memory block system_i/axi_smc/inst/s02_nodes/s02_aw_node/inst/inst_mi_handler/gen_normal_area.gen_fifo_req.inst_fifo_req/gen_xpm_memory_fifo.inst_fifo/gen_mem_rep[0].inst_xpm_memory/xpm_memory_base_inst with a P_MEMORY_PRIMITIVE property set to distributed. A value of block is required. You will not be able to use the updatemem program to update the bitstream with new data for the system_i/axi_smc/inst/s02_nodes/s02_aw_node/inst/inst_mi_handler/gen_normal_area.gen_fifo_req.inst_fifo_req/gen_xpm_memory_fifo.inst_fifo/gen_mem_rep[0].inst_xpm_memory/xpm_memory_base_inst block.
INFO: [Memdata 28-167] Found XPM memory block system_i/axi_smc/inst/s01_nodes/s01_r_node/inst/inst_mi_handler/gen_normal_area.inst_fifo_node_payld/gen_xpm_memory_fifo.inst_fifo/gen_mem_rep[0].inst_xpm_memory/xpm_memory_base_inst with a P_MEMORY_PRIMITIVE property set to distributed. A value of block is required. You will not be able to use the updatemem program to update the bitstream with new data for the system_i/axi_smc/inst/s01_nodes/s01_r_node/inst/inst_mi_handler/gen_normal_area.inst_fifo_node_payld/gen_xpm_memory_fifo.inst_fifo/gen_mem_rep[0].inst_xpm_memory/xpm_memory_base_inst block.
INFO: [Memdata 28-167] Found XPM memory block system_i/axi_smc/inst/s01_nodes/s01_ar_node/inst/inst_mi_handler/gen_normal_area.inst_fifo_node_payld/gen_xpm_memory_fifo.inst_fifo/gen_mem_rep[0].inst_xpm_memory/xpm_memory_base_inst with a P_MEMORY_PRIMITIVE property set to distributed. A value of block is required. You will not be able to use the updatemem program to update the bitstream with new data for the system_i/axi_smc/inst/s01_nodes/s01_ar_node/inst/inst_mi_handler/gen_normal_area.inst_fifo_node_payld/gen_xpm_memory_fifo.inst_fifo/gen_mem_rep[0].inst_xpm_memory/xpm_memory_base_inst block.
INFO: [Memdata 28-167] Found XPM memory block system_i/axi_smc/inst/s01_nodes/s01_ar_node/inst/inst_mi_handler/gen_normal_area.gen_fifo_req.inst_fifo_req/gen_xpm_memory_fifo.inst_fifo/gen_mem_rep[0].inst_xpm_memory/xpm_memory_base_inst with a P_MEMORY_PRIMITIVE property set to distributed. A value of block is required. You will not be able to use the updatemem program to update the bitstream with new data for the system_i/axi_smc/inst/s01_nodes/s01_ar_node/inst/inst_mi_handler/gen_normal_area.gen_fifo_req.inst_fifo_req/gen_xpm_memory_fifo.inst_fifo/gen_mem_rep[0].inst_xpm_memory/xpm_memory_base_inst block.
INFO: [Memdata 28-167] Found XPM memory block system_i/axi_smc/inst/s00_nodes/s00_w_node/inst/inst_mi_handler/gen_normal_area.inst_fifo_node_payld/gen_xpm_memory_fifo.inst_fifo/gen_mem_rep[0].inst_xpm_memory/xpm_memory_base_inst with a P_MEMORY_PRIMITIVE property set to distributed. A value of block is required. You will not be able to use the updatemem program to update the bitstream with new data for the system_i/axi_smc/inst/s00_nodes/s00_w_node/inst/inst_mi_handler/gen_normal_area.inst_fifo_node_payld/gen_xpm_memory_fifo.inst_fifo/gen_mem_rep[0].inst_xpm_memory/xpm_memory_base_inst block.
INFO: [Memdata 28-167] Found XPM memory block system_i/axi_smc/inst/s00_nodes/s00_w_node/inst/inst_mi_handler/gen_normal_area.gen_fifo_req.inst_fifo_req/gen_xpm_memory_fifo.inst_fifo/gen_mem_rep[0].inst_xpm_memory/xpm_memory_base_inst with a P_MEMORY_PRIMITIVE property set to distributed. A value of block is required. You will not be able to use the updatemem program to update the bitstream with new data for the system_i/axi_smc/inst/s00_nodes/s00_w_node/inst/inst_mi_handler/gen_normal_area.gen_fifo_req.inst_fifo_req/gen_xpm_memory_fifo.inst_fifo/gen_mem_rep[0].inst_xpm_memory/xpm_memory_base_inst block.
INFO: [Memdata 28-167] Found XPM memory block system_i/axi_smc/inst/s00_nodes/s00_r_node/inst/inst_mi_handler/gen_normal_area.inst_fifo_node_payld/gen_xpm_memory_fifo.inst_fifo/gen_mem_rep[0].inst_xpm_memory/xpm_memory_base_inst with a P_MEMORY_PRIMITIVE property set to distributed. A value of block is required. You will not be able to use the updatemem program to update the bitstream with new data for the system_i/axi_smc/inst/s00_nodes/s00_r_node/inst/inst_mi_handler/gen_normal_area.inst_fifo_node_payld/gen_xpm_memory_fifo.inst_fifo/gen_mem_rep[0].inst_xpm_memory/xpm_memory_base_inst block.
INFO: [Memdata 28-167] Found XPM memory block system_i/axi_smc/inst/s00_nodes/s00_b_node/inst/inst_mi_handler/gen_normal_area.inst_fifo_node_payld/gen_xpm_memory_fifo.inst_fifo/gen_mem_rep[0].inst_xpm_memory/xpm_memory_base_inst with a P_MEMORY_PRIMITIVE property set to distributed. A value of block is required. You will not be able to use the updatemem program to update the bitstream with new data for the system_i/axi_smc/inst/s00_nodes/s00_b_node/inst/inst_mi_handler/gen_normal_area.inst_fifo_node_payld/gen_xpm_memory_fifo.inst_fifo/gen_mem_rep[0].inst_xpm_memory/xpm_memory_base_inst block.
INFO: [Memdata 28-167] Found XPM memory block system_i/axi_smc/inst/s00_nodes/s00_aw_node/inst/inst_mi_handler/gen_normal_area.inst_fifo_node_payld/gen_xpm_memory_fifo.inst_fifo/gen_mem_rep[0].inst_xpm_memory/xpm_memory_base_inst with a P_MEMORY_PRIMITIVE property set to distributed. A value of block is required. You will not be able to use the updatemem program to update the bitstream with new data for the system_i/axi_smc/inst/s00_nodes/s00_aw_node/inst/inst_mi_handler/gen_normal_area.inst_fifo_node_payld/gen_xpm_memory_fifo.inst_fifo/gen_mem_rep[0].inst_xpm_memory/xpm_memory_base_inst block.
INFO: [Memdata 28-167] Found XPM memory block system_i/axi_smc/inst/s00_nodes/s00_aw_node/inst/inst_mi_handler/gen_normal_area.gen_fifo_req.inst_fifo_req/gen_xpm_memory_fifo.inst_fifo/gen_mem_rep[0].inst_xpm_memory/xpm_memory_base_inst with a P_MEMORY_PRIMITIVE property set to distributed. A value of block is required. You will not be able to use the updatemem program to update the bitstream with new data for the system_i/axi_smc/inst/s00_nodes/s00_aw_node/inst/inst_mi_handler/gen_normal_area.gen_fifo_req.inst_fifo_req/gen_xpm_memory_fifo.inst_fifo/gen_mem_rep[0].inst_xpm_memory/xpm_memory_base_inst block.
INFO: [Memdata 28-167] Found XPM memory block system_i/axi_smc/inst/s00_nodes/s00_ar_node/inst/inst_mi_handler/gen_normal_area.inst_fifo_node_payld/gen_xpm_memory_fifo.inst_fifo/gen_mem_rep[0].inst_xpm_memory/xpm_memory_base_inst with a P_MEMORY_PRIMITIVE property set to distributed. A value of block is required. You will not be able to use the updatemem program to update the bitstream with new data for the system_i/axi_smc/inst/s00_nodes/s00_ar_node/inst/inst_mi_handler/gen_normal_area.inst_fifo_node_payld/gen_xpm_memory_fifo.inst_fifo/gen_mem_rep[0].inst_xpm_memory/xpm_memory_base_inst block.
INFO: [Memdata 28-167] Found XPM memory block system_i/axi_smc/inst/s00_nodes/s00_ar_node/inst/inst_mi_handler/gen_normal_area.gen_fifo_req.inst_fifo_req/gen_xpm_memory_fifo.inst_fifo/gen_mem_rep[0].inst_xpm_memory/xpm_memory_base_inst with a P_MEMORY_PRIMITIVE property set to distributed. A value of block is required. You will not be able to use the updatemem program to update the bitstream with new data for the system_i/axi_smc/inst/s00_nodes/s00_ar_node/inst/inst_mi_handler/gen_normal_area.gen_fifo_req.inst_fifo_req/gen_xpm_memory_fifo.inst_fifo/gen_mem_rep[0].inst_xpm_memory/xpm_memory_base_inst block.
INFO: [Memdata 28-167] Found XPM memory block system_i/axi_smc/inst/m01_nodes/m01_w_node/inst/inst_si_handler/gen_si_handler.gen_request_fifos.gen_req_fifo[2].inst_req_fifo/gen_xpm_memory_fifo.inst_fifo/gen_mem_rep[0].inst_xpm_memory/xpm_memory_base_inst with a P_MEMORY_PRIMITIVE property set to distributed. A value of block is required. You will not be able to use the updatemem program to update the bitstream with new data for the system_i/axi_smc/inst/m01_nodes/m01_w_node/inst/inst_si_handler/gen_si_handler.gen_request_fifos.gen_req_fifo[2].inst_req_fifo/gen_xpm_memory_fifo.inst_fifo/gen_mem_rep[0].inst_xpm_memory/xpm_memory_base_inst block.
INFO: [Memdata 28-167] Found XPM memory block system_i/axi_smc/inst/m01_nodes/m01_w_node/inst/inst_si_handler/gen_si_handler.gen_request_fifos.gen_req_fifo[0].inst_req_fifo/gen_xpm_memory_fifo.inst_fifo/gen_mem_rep[0].inst_xpm_memory/xpm_memory_base_inst with a P_MEMORY_PRIMITIVE property set to distributed. A value of block is required. You will not be able to use the updatemem program to update the bitstream with new data for the system_i/axi_smc/inst/m01_nodes/m01_w_node/inst/inst_si_handler/gen_si_handler.gen_request_fifos.gen_req_fifo[0].inst_req_fifo/gen_xpm_memory_fifo.inst_fifo/gen_mem_rep[0].inst_xpm_memory/xpm_memory_base_inst block.
INFO: [Memdata 28-167] Found XPM memory block system_i/axi_smc/inst/m01_nodes/m01_w_node/inst/inst_mi_handler/gen_normal_area.inst_fifo_node_payld/gen_xpm_memory_fifo.inst_fifo/gen_mem_rep[0].inst_xpm_memory/xpm_memory_base_inst with a P_MEMORY_PRIMITIVE property set to distributed. A value of block is required. You will not be able to use the updatemem program to update the bitstream with new data for the system_i/axi_smc/inst/m01_nodes/m01_w_node/inst/inst_mi_handler/gen_normal_area.inst_fifo_node_payld/gen_xpm_memory_fifo.inst_fifo/gen_mem_rep[0].inst_xpm_memory/xpm_memory_base_inst block.
INFO: [Memdata 28-167] Found XPM memory block system_i/axi_smc/inst/m01_nodes/m01_r_node/inst/inst_mi_handler/gen_normal_area.inst_fifo_node_payld/gen_xpm_memory_fifo.inst_fifo/gen_mem_rep[0].inst_xpm_memory/xpm_memory_base_inst with a P_MEMORY_PRIMITIVE property set to distributed. A value of block is required. You will not be able to use the updatemem program to update the bitstream with new data for the system_i/axi_smc/inst/m01_nodes/m01_r_node/inst/inst_mi_handler/gen_normal_area.inst_fifo_node_payld/gen_xpm_memory_fifo.inst_fifo/gen_mem_rep[0].inst_xpm_memory/xpm_memory_base_inst block.
INFO: [Memdata 28-167] Found XPM memory block system_i/axi_smc/inst/m01_nodes/m01_r_node/inst/inst_mi_handler/gen_normal_area.gen_fifo_req.inst_fifo_req/gen_xpm_memory_fifo.inst_fifo/gen_mem_rep[0].inst_xpm_memory/xpm_memory_base_inst with a P_MEMORY_PRIMITIVE property set to distributed. A value of block is required. You will not be able to use the updatemem program to update the bitstream with new data for the system_i/axi_smc/inst/m01_nodes/m01_r_node/inst/inst_mi_handler/gen_normal_area.gen_fifo_req.inst_fifo_req/gen_xpm_memory_fifo.inst_fifo/gen_mem_rep[0].inst_xpm_memory/xpm_memory_base_inst block.
INFO: [Memdata 28-167] Found XPM memory block system_i/axi_smc/inst/m01_nodes/m01_b_node/inst/inst_mi_handler/gen_normal_area.inst_fifo_node_payld/gen_xpm_memory_fifo.inst_fifo/gen_mem_rep[0].inst_xpm_memory/xpm_memory_base_inst with a P_MEMORY_PRIMITIVE property set to distributed. A value of block is required. You will not be able to use the updatemem program to update the bitstream with new data for the system_i/axi_smc/inst/m01_nodes/m01_b_node/inst/inst_mi_handler/gen_normal_area.inst_fifo_node_payld/gen_xpm_memory_fifo.inst_fifo/gen_mem_rep[0].inst_xpm_memory/xpm_memory_base_inst block.
INFO: [Memdata 28-167] Found XPM memory block system_i/axi_smc/inst/m01_nodes/m01_b_node/inst/inst_mi_handler/gen_normal_area.gen_fifo_req.inst_fifo_req/gen_xpm_memory_fifo.inst_fifo/gen_mem_rep[0].inst_xpm_memory/xpm_memory_base_inst with a P_MEMORY_PRIMITIVE property set to distributed. A value of block is required. You will not be able to use the updatemem program to update the bitstream with new data for the system_i/axi_smc/inst/m01_nodes/m01_b_node/inst/inst_mi_handler/gen_normal_area.gen_fifo_req.inst_fifo_req/gen_xpm_memory_fifo.inst_fifo/gen_mem_rep[0].inst_xpm_memory/xpm_memory_base_inst block.
INFO: [Memdata 28-167] Found XPM memory block system_i/axi_smc/inst/m01_nodes/m01_aw_node/inst/inst_mi_handler/gen_normal_area.inst_fifo_node_payld/gen_xpm_memory_fifo.inst_fifo/gen_mem_rep[0].inst_xpm_memory/xpm_memory_base_inst with a P_MEMORY_PRIMITIVE property set to distributed. A value of block is required. You will not be able to use the updatemem program to update the bitstream with new data for the system_i/axi_smc/inst/m01_nodes/m01_aw_node/inst/inst_mi_handler/gen_normal_area.inst_fifo_node_payld/gen_xpm_memory_fifo.inst_fifo/gen_mem_rep[0].inst_xpm_memory/xpm_memory_base_inst block.
INFO: [Memdata 28-167] Found XPM memory block system_i/axi_smc/inst/m01_nodes/m01_ar_node/inst/inst_mi_handler/gen_normal_area.inst_fifo_node_payld/gen_xpm_memory_fifo.inst_fifo/gen_mem_rep[0].inst_xpm_memory/xpm_memory_base_inst with a P_MEMORY_PRIMITIVE property set to distributed. A value of block is required. You will not be able to use the updatemem program to update the bitstream with new data for the system_i/axi_smc/inst/m01_nodes/m01_ar_node/inst/inst_mi_handler/gen_normal_area.inst_fifo_node_payld/gen_xpm_memory_fifo.inst_fifo/gen_mem_rep[0].inst_xpm_memory/xpm_memory_base_inst block.
INFO: [Memdata 28-167] Found XPM memory block system_i/axi_smc/inst/m00_nodes/m00_w_node/inst/inst_si_handler/gen_si_handler.gen_request_fifos.gen_req_fifo[2].inst_req_fifo/gen_xpm_memory_fifo.inst_fifo/gen_mem_rep[0].inst_xpm_memory/xpm_memory_base_inst with a P_MEMORY_PRIMITIVE property set to distributed. A value of block is required. You will not be able to use the updatemem program to update the bitstream with new data for the system_i/axi_smc/inst/m00_nodes/m00_w_node/inst/inst_si_handler/gen_si_handler.gen_request_fifos.gen_req_fifo[2].inst_req_fifo/gen_xpm_memory_fifo.inst_fifo/gen_mem_rep[0].inst_xpm_memory/xpm_memory_base_inst block.
INFO: [Memdata 28-167] Found XPM memory block system_i/axi_smc/inst/m00_nodes/m00_w_node/inst/inst_mi_handler/gen_normal_area.inst_fifo_node_payld/gen_xpm_memory_fifo.inst_fifo/gen_mem_rep[0].inst_xpm_memory/xpm_memory_base_inst with a P_MEMORY_PRIMITIVE property set to distributed. A value of block is required. You will not be able to use the updatemem program to update the bitstream with new data for the system_i/axi_smc/inst/m00_nodes/m00_w_node/inst/inst_mi_handler/gen_normal_area.inst_fifo_node_payld/gen_xpm_memory_fifo.inst_fifo/gen_mem_rep[0].inst_xpm_memory/xpm_memory_base_inst block.
INFO: [Memdata 28-167] Found XPM memory block system_i/axi_smc/inst/m00_nodes/m00_r_node/inst/inst_mi_handler/gen_normal_area.inst_fifo_node_payld/gen_xpm_memory_fifo.inst_fifo/gen_mem_rep[0].inst_xpm_memory/xpm_memory_base_inst with a P_MEMORY_PRIMITIVE property set to distributed. A value of block is required. You will not be able to use the updatemem program to update the bitstream with new data for the system_i/axi_smc/inst/m00_nodes/m00_r_node/inst/inst_mi_handler/gen_normal_area.inst_fifo_node_payld/gen_xpm_memory_fifo.inst_fifo/gen_mem_rep[0].inst_xpm_memory/xpm_memory_base_inst block.
INFO: [Memdata 28-167] Found XPM memory block system_i/axi_smc/inst/m00_nodes/m00_r_node/inst/inst_mi_handler/gen_normal_area.gen_fifo_req.inst_fifo_req/gen_xpm_memory_fifo.inst_fifo/gen_mem_rep[0].inst_xpm_memory/xpm_memory_base_inst with a P_MEMORY_PRIMITIVE property set to distributed. A value of block is required. You will not be able to use the updatemem program to update the bitstream with new data for the system_i/axi_smc/inst/m00_nodes/m00_r_node/inst/inst_mi_handler/gen_normal_area.gen_fifo_req.inst_fifo_req/gen_xpm_memory_fifo.inst_fifo/gen_mem_rep[0].inst_xpm_memory/xpm_memory_base_inst block.
INFO: [Memdata 28-167] Found XPM memory block system_i/axi_smc/inst/m00_nodes/m00_b_node/inst/inst_mi_handler/gen_normal_area.inst_fifo_node_payld/gen_xpm_memory_fifo.inst_fifo/gen_mem_rep[0].inst_xpm_memory/xpm_memory_base_inst with a P_MEMORY_PRIMITIVE property set to distributed. A value of block is required. You will not be able to use the updatemem program to update the bitstream with new data for the system_i/axi_smc/inst/m00_nodes/m00_b_node/inst/inst_mi_handler/gen_normal_area.inst_fifo_node_payld/gen_xpm_memory_fifo.inst_fifo/gen_mem_rep[0].inst_xpm_memory/xpm_memory_base_inst block.
INFO: [Memdata 28-167] Found XPM memory block system_i/axi_smc/inst/m00_nodes/m00_b_node/inst/inst_mi_handler/gen_normal_area.gen_fifo_req.inst_fifo_req/gen_xpm_memory_fifo.inst_fifo/gen_mem_rep[0].inst_xpm_memory/xpm_memory_base_inst with a P_MEMORY_PRIMITIVE property set to distributed. A value of block is required. You will not be able to use the updatemem program to update the bitstream with new data for the system_i/axi_smc/inst/m00_nodes/m00_b_node/inst/inst_mi_handler/gen_normal_area.gen_fifo_req.inst_fifo_req/gen_xpm_memory_fifo.inst_fifo/gen_mem_rep[0].inst_xpm_memory/xpm_memory_base_inst block.
INFO: [Memdata 28-167] Found XPM memory block system_i/axi_smc/inst/m00_nodes/m00_aw_node/inst/inst_mi_handler/gen_normal_area.inst_fifo_node_payld/gen_xpm_memory_fifo.inst_fifo/gen_mem_rep[0].inst_xpm_memory/xpm_memory_base_inst with a P_MEMORY_PRIMITIVE property set to distributed. A value of block is required. You will not be able to use the updatemem program to update the bitstream with new data for the system_i/axi_smc/inst/m00_nodes/m00_aw_node/inst/inst_mi_handler/gen_normal_area.inst_fifo_node_payld/gen_xpm_memory_fifo.inst_fifo/gen_mem_rep[0].inst_xpm_memory/xpm_memory_base_inst block.
INFO: [Memdata 28-167] Found XPM memory block system_i/axi_smc/inst/m00_nodes/m00_ar_node/inst/inst_mi_handler/gen_normal_area.inst_fifo_node_payld/gen_xpm_memory_fifo.inst_fifo/gen_mem_rep[0].inst_xpm_memory/xpm_memory_base_inst with a P_MEMORY_PRIMITIVE property set to distributed. A value of block is required. You will not be able to use the updatemem program to update the bitstream with new data for the system_i/axi_smc/inst/m00_nodes/m00_ar_node/inst/inst_mi_handler/gen_normal_area.inst_fifo_node_payld/gen_xpm_memory_fifo.inst_fifo/gen_mem_rep[0].inst_xpm_memory/xpm_memory_base_inst block.
INFO: [Memdata 28-167] Found XPM memory block system_i/axi_dma_0/U0/I_PRMRY_DATAMOVER/GEN_S2MM_FULL.I_S2MM_FULL_WRAPPER/GEN_ENABLE_INDET_BTT_SF.I_INDET_BTT/I_XD_FIFO/NON_BLK_MEM.I_SYNC_FIFOGEN_FIFO/xpm_fifo_instance.xpm_fifo_sync_inst/xpm_fifo_base_inst/gen_sdpram.xpm_memory_base_inst with a P_MEMORY_PRIMITIVE property set to auto. A value of block is required. You will not be able to use the updatemem program to update the bitstream with new data for the system_i/axi_dma_0/U0/I_PRMRY_DATAMOVER/GEN_S2MM_FULL.I_S2MM_FULL_WRAPPER/GEN_ENABLE_INDET_BTT_SF.I_INDET_BTT/I_XD_FIFO/NON_BLK_MEM.I_SYNC_FIFOGEN_FIFO/xpm_fifo_instance.xpm_fifo_sync_inst/xpm_fifo_base_inst/gen_sdpram.xpm_memory_base_inst block.
INFO: [Memdata 28-208] The XPM instance: <system_i/axi_dma_0/U0/I_PRMRY_DATAMOVER/GEN_S2MM_FULL.I_S2MM_FULL_WRAPPER/GEN_ENABLE_INDET_BTT_SF.I_INDET_BTT/I_DATA_FIFO/BLK_MEM.I_SYNC_FIFOGEN_FIFO/xpm_fifo_instance.xpm_fifo_sync_inst/xpm_fifo_base_inst/gen_sdpram.xpm_memory_base_inst> is part of IP: <system_i/axi_dma_0>. This XPM instance will be excluded from the .mmi because updatemem is prohibited from making changes to an XPM that is part of an IP.
INFO: [Memdata 28-208] The XPM instance: <system_i/axi_dma_0/U0/I_PRMRY_DATAMOVER/GEN_MM2S_FULL.I_MM2S_FULL_WRAPPER/GEN_INCLUDE_MM2S_SF.I_RD_SF/I_DATA_FIFO/BLK_MEM.I_SYNC_FIFOGEN_FIFO/xpm_fifo_instance.xpm_fifo_sync_inst/xpm_fifo_base_inst/gen_sdpram.xpm_memory_base_inst> is part of IP: <system_i/axi_dma_0>. This XPM instance will be excluded from the .mmi because updatemem is prohibited from making changes to an XPM that is part of an IP.
Command: write_bitstream -force system_wrapper.bit -bin_file
Attempting to get a license for feature 'Implementation' and/or device 'xczu19eg_SE'
INFO: [Common 17-349] Got license for feature 'Implementation' and/or device 'xczu19eg_SE'
Running DRC as a precondition to command write_bitstream
INFO: [IP_Flow 19-1839] IP Catalog is up to date.
INFO: [DRC 23-27] Running DRC with 2 threads
WARNING: [DRC DPOP-3] PREG Output pipelining: DSP Conv_Acc_inst/conv_window_inst/p_0_out output Conv_Acc_inst/conv_window_inst/p_0_out/P[47:0] is not pipelined (PREG=0). Pipelining the DSP48 output will improve performance and often saves power so it is suggested whenever possible to fully pipeline this function.  If this DSP48 function was inferred, it is suggested to describe an additional register stage after this function.  If the DSP48 was instantiated in the design, it is suggested to set the PREG attribute to 1.
WARNING: [DRC DPOP-3] PREG Output pipelining: DSP Conv_Acc_inst/conv_window_inst/p_0_out__0 output Conv_Acc_inst/conv_window_inst/p_0_out__0/P[47:0] is not pipelined (PREG=0). Pipelining the DSP48 output will improve performance and often saves power so it is suggested whenever possible to fully pipeline this function.  If this DSP48 function was inferred, it is suggested to describe an additional register stage after this function.  If the DSP48 was instantiated in the design, it is suggested to set the PREG attribute to 1.
WARNING: [DRC DPOP-3] PREG Output pipelining: DSP Conv_Acc_inst/conv_window_inst/p_0_out__1 output Conv_Acc_inst/conv_window_inst/p_0_out__1/P[47:0] is not pipelined (PREG=0). Pipelining the DSP48 output will improve performance and often saves power so it is suggested whenever possible to fully pipeline this function.  If this DSP48 function was inferred, it is suggested to describe an additional register stage after this function.  If the DSP48 was instantiated in the design, it is suggested to set the PREG attribute to 1.
WARNING: [DRC DPOP-3] PREG Output pipelining: DSP Conv_Acc_inst/conv_window_inst/p_0_out__10 output Conv_Acc_inst/conv_window_inst/p_0_out__10/P[47:0] is not pipelined (PREG=0). Pipelining the DSP48 output will improve performance and often saves power so it is suggested whenever possible to fully pipeline this function.  If this DSP48 function was inferred, it is suggested to describe an additional register stage after this function.  If the DSP48 was instantiated in the design, it is suggested to set the PREG attribute to 1.
WARNING: [DRC DPOP-3] PREG Output pipelining: DSP Conv_Acc_inst/conv_window_inst/p_0_out__11 output Conv_Acc_inst/conv_window_inst/p_0_out__11/P[47:0] is not pipelined (PREG=0). Pipelining the DSP48 output will improve performance and often saves power so it is suggested whenever possible to fully pipeline this function.  If this DSP48 function was inferred, it is suggested to describe an additional register stage after this function.  If the DSP48 was instantiated in the design, it is suggested to set the PREG attribute to 1.
WARNING: [DRC DPOP-3] PREG Output pipelining: DSP Conv_Acc_inst/conv_window_inst/p_0_out__12 output Conv_Acc_inst/conv_window_inst/p_0_out__12/P[47:0] is not pipelined (PREG=0). Pipelining the DSP48 output will improve performance and often saves power so it is suggested whenever possible to fully pipeline this function.  If this DSP48 function was inferred, it is suggested to describe an additional register stage after this function.  If the DSP48 was instantiated in the design, it is suggested to set the PREG attribute to 1.
WARNING: [DRC DPOP-3] PREG Output pipelining: DSP Conv_Acc_inst/conv_window_inst/p_0_out__13 output Conv_Acc_inst/conv_window_inst/p_0_out__13/P[47:0] is not pipelined (PREG=0). Pipelining the DSP48 output will improve performance and often saves power so it is suggested whenever possible to fully pipeline this function.  If this DSP48 function was inferred, it is suggested to describe an additional register stage after this function.  If the DSP48 was instantiated in the design, it is suggested to set the PREG attribute to 1.
WARNING: [DRC DPOP-3] PREG Output pipelining: DSP Conv_Acc_inst/conv_window_inst/p_0_out__14 output Conv_Acc_inst/conv_window_inst/p_0_out__14/P[47:0] is not pipelined (PREG=0). Pipelining the DSP48 output will improve performance and often saves power so it is suggested whenever possible to fully pipeline this function.  If this DSP48 function was inferred, it is suggested to describe an additional register stage after this function.  If the DSP48 was instantiated in the design, it is suggested to set the PREG attribute to 1.
WARNING: [DRC DPOP-3] PREG Output pipelining: DSP Conv_Acc_inst/conv_window_inst/p_0_out__15 output Conv_Acc_inst/conv_window_inst/p_0_out__15/P[47:0] is not pipelined (PREG=0). Pipelining the DSP48 output will improve performance and often saves power so it is suggested whenever possible to fully pipeline this function.  If this DSP48 function was inferred, it is suggested to describe an additional register stage after this function.  If the DSP48 was instantiated in the design, it is suggested to set the PREG attribute to 1.
WARNING: [DRC DPOP-3] PREG Output pipelining: DSP Conv_Acc_inst/conv_window_inst/p_0_out__16 output Conv_Acc_inst/conv_window_inst/p_0_out__16/P[47:0] is not pipelined (PREG=0). Pipelining the DSP48 output will improve performance and often saves power so it is suggested whenever possible to fully pipeline this function.  If this DSP48 function was inferred, it is suggested to describe an additional register stage after this function.  If the DSP48 was instantiated in the design, it is suggested to set the PREG attribute to 1.
WARNING: [DRC DPOP-3] PREG Output pipelining: DSP Conv_Acc_inst/conv_window_inst/p_0_out__2 output Conv_Acc_inst/conv_window_inst/p_0_out__2/P[47:0] is not pipelined (PREG=0). Pipelining the DSP48 output will improve performance and often saves power so it is suggested whenever possible to fully pipeline this function.  If this DSP48 function was inferred, it is suggested to describe an additional register stage after this function.  If the DSP48 was instantiated in the design, it is suggested to set the PREG attribute to 1.
WARNING: [DRC DPOP-3] PREG Output pipelining: DSP Conv_Acc_inst/conv_window_inst/p_0_out__3 output Conv_Acc_inst/conv_window_inst/p_0_out__3/P[47:0] is not pipelined (PREG=0). Pipelining the DSP48 output will improve performance and often saves power so it is suggested whenever possible to fully pipeline this function.  If this DSP48 function was inferred, it is suggested to describe an additional register stage after this function.  If the DSP48 was instantiated in the design, it is suggested to set the PREG attribute to 1.
WARNING: [DRC DPOP-3] PREG Output pipelining: DSP Conv_Acc_inst/conv_window_inst/p_0_out__4 output Conv_Acc_inst/conv_window_inst/p_0_out__4/P[47:0] is not pipelined (PREG=0). Pipelining the DSP48 output will improve performance and often saves power so it is suggested whenever possible to fully pipeline this function.  If this DSP48 function was inferred, it is suggested to describe an additional register stage after this function.  If the DSP48 was instantiated in the design, it is suggested to set the PREG attribute to 1.
WARNING: [DRC DPOP-3] PREG Output pipelining: DSP Conv_Acc_inst/conv_window_inst/p_0_out__5 output Conv_Acc_inst/conv_window_inst/p_0_out__5/P[47:0] is not pipelined (PREG=0). Pipelining the DSP48 output will improve performance and often saves power so it is suggested whenever possible to fully pipeline this function.  If this DSP48 function was inferred, it is suggested to describe an additional register stage after this function.  If the DSP48 was instantiated in the design, it is suggested to set the PREG attribute to 1.
WARNING: [DRC DPOP-3] PREG Output pipelining: DSP Conv_Acc_inst/conv_window_inst/p_0_out__6 output Conv_Acc_inst/conv_window_inst/p_0_out__6/P[47:0] is not pipelined (PREG=0). Pipelining the DSP48 output will improve performance and often saves power so it is suggested whenever possible to fully pipeline this function.  If this DSP48 function was inferred, it is suggested to describe an additional register stage after this function.  If the DSP48 was instantiated in the design, it is suggested to set the PREG attribute to 1.
WARNING: [DRC DPOP-3] PREG Output pipelining: DSP Conv_Acc_inst/conv_window_inst/p_0_out__7 output Conv_Acc_inst/conv_window_inst/p_0_out__7/P[47:0] is not pipelined (PREG=0). Pipelining the DSP48 output will improve performance and often saves power so it is suggested whenever possible to fully pipeline this function.  If this DSP48 function was inferred, it is suggested to describe an additional register stage after this function.  If the DSP48 was instantiated in the design, it is suggested to set the PREG attribute to 1.
WARNING: [DRC DPOP-3] PREG Output pipelining: DSP Conv_Acc_inst/conv_window_inst/p_0_out__8 output Conv_Acc_inst/conv_window_inst/p_0_out__8/P[47:0] is not pipelined (PREG=0). Pipelining the DSP48 output will improve performance and often saves power so it is suggested whenever possible to fully pipeline this function.  If this DSP48 function was inferred, it is suggested to describe an additional register stage after this function.  If the DSP48 was instantiated in the design, it is suggested to set the PREG attribute to 1.
WARNING: [DRC DPOP-3] PREG Output pipelining: DSP Conv_Acc_inst/conv_window_inst/p_0_out__9 output Conv_Acc_inst/conv_window_inst/p_0_out__9/P[47:0] is not pipelined (PREG=0). Pipelining the DSP48 output will improve performance and often saves power so it is suggested whenever possible to fully pipeline this function.  If this DSP48 function was inferred, it is suggested to describe an additional register stage after this function.  If the DSP48 was instantiated in the design, it is suggested to set the PREG attribute to 1.
WARNING: [DRC DPOP-4] MREG Output pipelining: DSP Conv_Acc_inst/conv_window_inst/p_0_out multiplier stage Conv_Acc_inst/conv_window_inst/p_0_out/P[47:0] is not pipelined (MREG=0). Pipelining the multiplier function will improve performance and will save significant power so it is suggested whenever possible to fully pipeline this function.  If this multiplier was inferred, it is suggested to describe an additional register stage after this function.  If there is no registered adder/accumulator following the multiply function, two pipeline stages are suggested to allow both the MREG and PREG registers to be used.  If the DSP48 was instantiated in the design, it is suggested to set both the MREG and PREG attributes to 1 when performing multiply functions.
WARNING: [DRC DPOP-4] MREG Output pipelining: DSP Conv_Acc_inst/conv_window_inst/p_0_out__0 multiplier stage Conv_Acc_inst/conv_window_inst/p_0_out__0/P[47:0] is not pipelined (MREG=0). Pipelining the multiplier function will improve performance and will save significant power so it is suggested whenever possible to fully pipeline this function.  If this multiplier was inferred, it is suggested to describe an additional register stage after this function.  If there is no registered adder/accumulator following the multiply function, two pipeline stages are suggested to allow both the MREG and PREG registers to be used.  If the DSP48 was instantiated in the design, it is suggested to set both the MREG and PREG attributes to 1 when performing multiply functions.
WARNING: [DRC DPOP-4] MREG Output pipelining: DSP Conv_Acc_inst/conv_window_inst/p_0_out__1 multiplier stage Conv_Acc_inst/conv_window_inst/p_0_out__1/P[47:0] is not pipelined (MREG=0). Pipelining the multiplier function will improve performance and will save significant power so it is suggested whenever possible to fully pipeline this function.  If this multiplier was inferred, it is suggested to describe an additional register stage after this function.  If there is no registered adder/accumulator following the multiply function, two pipeline stages are suggested to allow both the MREG and PREG registers to be used.  If the DSP48 was instantiated in the design, it is suggested to set both the MREG and PREG attributes to 1 when performing multiply functions.
WARNING: [DRC DPOP-4] MREG Output pipelining: DSP Conv_Acc_inst/conv_window_inst/p_0_out__10 multiplier stage Conv_Acc_inst/conv_window_inst/p_0_out__10/P[47:0] is not pipelined (MREG=0). Pipelining the multiplier function will improve performance and will save significant power so it is suggested whenever possible to fully pipeline this function.  If this multiplier was inferred, it is suggested to describe an additional register stage after this function.  If there is no registered adder/accumulator following the multiply function, two pipeline stages are suggested to allow both the MREG and PREG registers to be used.  If the DSP48 was instantiated in the design, it is suggested to set both the MREG and PREG attributes to 1 when performing multiply functions.
WARNING: [DRC DPOP-4] MREG Output pipelining: DSP Conv_Acc_inst/conv_window_inst/p_0_out__11 multiplier stage Conv_Acc_inst/conv_window_inst/p_0_out__11/P[47:0] is not pipelined (MREG=0). Pipelining the multiplier function will improve performance and will save significant power so it is suggested whenever possible to fully pipeline this function.  If this multiplier was inferred, it is suggested to describe an additional register stage after this function.  If there is no registered adder/accumulator following the multiply function, two pipeline stages are suggested to allow both the MREG and PREG registers to be used.  If the DSP48 was instantiated in the design, it is suggested to set both the MREG and PREG attributes to 1 when performing multiply functions.
WARNING: [DRC DPOP-4] MREG Output pipelining: DSP Conv_Acc_inst/conv_window_inst/p_0_out__12 multiplier stage Conv_Acc_inst/conv_window_inst/p_0_out__12/P[47:0] is not pipelined (MREG=0). Pipelining the multiplier function will improve performance and will save significant power so it is suggested whenever possible to fully pipeline this function.  If this multiplier was inferred, it is suggested to describe an additional register stage after this function.  If there is no registered adder/accumulator following the multiply function, two pipeline stages are suggested to allow both the MREG and PREG registers to be used.  If the DSP48 was instantiated in the design, it is suggested to set both the MREG and PREG attributes to 1 when performing multiply functions.
WARNING: [DRC DPOP-4] MREG Output pipelining: DSP Conv_Acc_inst/conv_window_inst/p_0_out__13 multiplier stage Conv_Acc_inst/conv_window_inst/p_0_out__13/P[47:0] is not pipelined (MREG=0). Pipelining the multiplier function will improve performance and will save significant power so it is suggested whenever possible to fully pipeline this function.  If this multiplier was inferred, it is suggested to describe an additional register stage after this function.  If there is no registered adder/accumulator following the multiply function, two pipeline stages are suggested to allow both the MREG and PREG registers to be used.  If the DSP48 was instantiated in the design, it is suggested to set both the MREG and PREG attributes to 1 when performing multiply functions.
WARNING: [DRC DPOP-4] MREG Output pipelining: DSP Conv_Acc_inst/conv_window_inst/p_0_out__14 multiplier stage Conv_Acc_inst/conv_window_inst/p_0_out__14/P[47:0] is not pipelined (MREG=0). Pipelining the multiplier function will improve performance and will save significant power so it is suggested whenever possible to fully pipeline this function.  If this multiplier was inferred, it is suggested to describe an additional register stage after this function.  If there is no registered adder/accumulator following the multiply function, two pipeline stages are suggested to allow both the MREG and PREG registers to be used.  If the DSP48 was instantiated in the design, it is suggested to set both the MREG and PREG attributes to 1 when performing multiply functions.
WARNING: [DRC DPOP-4] MREG Output pipelining: DSP Conv_Acc_inst/conv_window_inst/p_0_out__15 multiplier stage Conv_Acc_inst/conv_window_inst/p_0_out__15/P[47:0] is not pipelined (MREG=0). Pipelining the multiplier function will improve performance and will save significant power so it is suggested whenever possible to fully pipeline this function.  If this multiplier was inferred, it is suggested to describe an additional register stage after this function.  If there is no registered adder/accumulator following the multiply function, two pipeline stages are suggested to allow both the MREG and PREG registers to be used.  If the DSP48 was instantiated in the design, it is suggested to set both the MREG and PREG attributes to 1 when performing multiply functions.
WARNING: [DRC DPOP-4] MREG Output pipelining: DSP Conv_Acc_inst/conv_window_inst/p_0_out__16 multiplier stage Conv_Acc_inst/conv_window_inst/p_0_out__16/P[47:0] is not pipelined (MREG=0). Pipelining the multiplier function will improve performance and will save significant power so it is suggested whenever possible to fully pipeline this function.  If this multiplier was inferred, it is suggested to describe an additional register stage after this function.  If there is no registered adder/accumulator following the multiply function, two pipeline stages are suggested to allow both the MREG and PREG registers to be used.  If the DSP48 was instantiated in the design, it is suggested to set both the MREG and PREG attributes to 1 when performing multiply functions.
WARNING: [DRC DPOP-4] MREG Output pipelining: DSP Conv_Acc_inst/conv_window_inst/p_0_out__2 multiplier stage Conv_Acc_inst/conv_window_inst/p_0_out__2/P[47:0] is not pipelined (MREG=0). Pipelining the multiplier function will improve performance and will save significant power so it is suggested whenever possible to fully pipeline this function.  If this multiplier was inferred, it is suggested to describe an additional register stage after this function.  If there is no registered adder/accumulator following the multiply function, two pipeline stages are suggested to allow both the MREG and PREG registers to be used.  If the DSP48 was instantiated in the design, it is suggested to set both the MREG and PREG attributes to 1 when performing multiply functions.
WARNING: [DRC DPOP-4] MREG Output pipelining: DSP Conv_Acc_inst/conv_window_inst/p_0_out__3 multiplier stage Conv_Acc_inst/conv_window_inst/p_0_out__3/P[47:0] is not pipelined (MREG=0). Pipelining the multiplier function will improve performance and will save significant power so it is suggested whenever possible to fully pipeline this function.  If this multiplier was inferred, it is suggested to describe an additional register stage after this function.  If there is no registered adder/accumulator following the multiply function, two pipeline stages are suggested to allow both the MREG and PREG registers to be used.  If the DSP48 was instantiated in the design, it is suggested to set both the MREG and PREG attributes to 1 when performing multiply functions.
WARNING: [DRC DPOP-4] MREG Output pipelining: DSP Conv_Acc_inst/conv_window_inst/p_0_out__4 multiplier stage Conv_Acc_inst/conv_window_inst/p_0_out__4/P[47:0] is not pipelined (MREG=0). Pipelining the multiplier function will improve performance and will save significant power so it is suggested whenever possible to fully pipeline this function.  If this multiplier was inferred, it is suggested to describe an additional register stage after this function.  If there is no registered adder/accumulator following the multiply function, two pipeline stages are suggested to allow both the MREG and PREG registers to be used.  If the DSP48 was instantiated in the design, it is suggested to set both the MREG and PREG attributes to 1 when performing multiply functions.
WARNING: [DRC DPOP-4] MREG Output pipelining: DSP Conv_Acc_inst/conv_window_inst/p_0_out__5 multiplier stage Conv_Acc_inst/conv_window_inst/p_0_out__5/P[47:0] is not pipelined (MREG=0). Pipelining the multiplier function will improve performance and will save significant power so it is suggested whenever possible to fully pipeline this function.  If this multiplier was inferred, it is suggested to describe an additional register stage after this function.  If there is no registered adder/accumulator following the multiply function, two pipeline stages are suggested to allow both the MREG and PREG registers to be used.  If the DSP48 was instantiated in the design, it is suggested to set both the MREG and PREG attributes to 1 when performing multiply functions.
WARNING: [DRC DPOP-4] MREG Output pipelining: DSP Conv_Acc_inst/conv_window_inst/p_0_out__6 multiplier stage Conv_Acc_inst/conv_window_inst/p_0_out__6/P[47:0] is not pipelined (MREG=0). Pipelining the multiplier function will improve performance and will save significant power so it is suggested whenever possible to fully pipeline this function.  If this multiplier was inferred, it is suggested to describe an additional register stage after this function.  If there is no registered adder/accumulator following the multiply function, two pipeline stages are suggested to allow both the MREG and PREG registers to be used.  If the DSP48 was instantiated in the design, it is suggested to set both the MREG and PREG attributes to 1 when performing multiply functions.
WARNING: [DRC DPOP-4] MREG Output pipelining: DSP Conv_Acc_inst/conv_window_inst/p_0_out__7 multiplier stage Conv_Acc_inst/conv_window_inst/p_0_out__7/P[47:0] is not pipelined (MREG=0). Pipelining the multiplier function will improve performance and will save significant power so it is suggested whenever possible to fully pipeline this function.  If this multiplier was inferred, it is suggested to describe an additional register stage after this function.  If there is no registered adder/accumulator following the multiply function, two pipeline stages are suggested to allow both the MREG and PREG registers to be used.  If the DSP48 was instantiated in the design, it is suggested to set both the MREG and PREG attributes to 1 when performing multiply functions.
WARNING: [DRC DPOP-4] MREG Output pipelining: DSP Conv_Acc_inst/conv_window_inst/p_0_out__8 multiplier stage Conv_Acc_inst/conv_window_inst/p_0_out__8/P[47:0] is not pipelined (MREG=0). Pipelining the multiplier function will improve performance and will save significant power so it is suggested whenever possible to fully pipeline this function.  If this multiplier was inferred, it is suggested to describe an additional register stage after this function.  If there is no registered adder/accumulator following the multiply function, two pipeline stages are suggested to allow both the MREG and PREG registers to be used.  If the DSP48 was instantiated in the design, it is suggested to set both the MREG and PREG attributes to 1 when performing multiply functions.
WARNING: [DRC DPOP-4] MREG Output pipelining: DSP Conv_Acc_inst/conv_window_inst/p_0_out__9 multiplier stage Conv_Acc_inst/conv_window_inst/p_0_out__9/P[47:0] is not pipelined (MREG=0). Pipelining the multiplier function will improve performance and will save significant power so it is suggested whenever possible to fully pipeline this function.  If this multiplier was inferred, it is suggested to describe an additional register stage after this function.  If there is no registered adder/accumulator following the multiply function, two pipeline stages are suggested to allow both the MREG and PREG registers to be used.  If the DSP48 was instantiated in the design, it is suggested to set both the MREG and PREG attributes to 1 when performing multiply functions.
WARNING: [DRC DPOP-4] MREG Output pipelining: DSP Conv_Acc_inst/conv_window_inst/product_reg[0] multiplier stage Conv_Acc_inst/conv_window_inst/product_reg[0]/P[47:0] is not pipelined (MREG=0). Pipelining the multiplier function will improve performance and will save significant power so it is suggested whenever possible to fully pipeline this function.  If this multiplier was inferred, it is suggested to describe an additional register stage after this function.  If there is no registered adder/accumulator following the multiply function, two pipeline stages are suggested to allow both the MREG and PREG registers to be used.  If the DSP48 was instantiated in the design, it is suggested to set both the MREG and PREG attributes to 1 when performing multiply functions.
WARNING: [DRC DPOP-4] MREG Output pipelining: DSP Conv_Acc_inst/conv_window_inst/product_reg[0]__0 multiplier stage Conv_Acc_inst/conv_window_inst/product_reg[0]__0/P[47:0] is not pipelined (MREG=0). Pipelining the multiplier function will improve performance and will save significant power so it is suggested whenever possible to fully pipeline this function.  If this multiplier was inferred, it is suggested to describe an additional register stage after this function.  If there is no registered adder/accumulator following the multiply function, two pipeline stages are suggested to allow both the MREG and PREG registers to be used.  If the DSP48 was instantiated in the design, it is suggested to set both the MREG and PREG attributes to 1 when performing multiply functions.
WARNING: [DRC DPOP-4] MREG Output pipelining: DSP Conv_Acc_inst/conv_window_inst/product_reg[1] multiplier stage Conv_Acc_inst/conv_window_inst/product_reg[1]/P[47:0] is not pipelined (MREG=0). Pipelining the multiplier function will improve performance and will save significant power so it is suggested whenever possible to fully pipeline this function.  If this multiplier was inferred, it is suggested to describe an additional register stage after this function.  If there is no registered adder/accumulator following the multiply function, two pipeline stages are suggested to allow both the MREG and PREG registers to be used.  If the DSP48 was instantiated in the design, it is suggested to set both the MREG and PREG attributes to 1 when performing multiply functions.
WARNING: [DRC DPOP-4] MREG Output pipelining: DSP Conv_Acc_inst/conv_window_inst/product_reg[1]__0 multiplier stage Conv_Acc_inst/conv_window_inst/product_reg[1]__0/P[47:0] is not pipelined (MREG=0). Pipelining the multiplier function will improve performance and will save significant power so it is suggested whenever possible to fully pipeline this function.  If this multiplier was inferred, it is suggested to describe an additional register stage after this function.  If there is no registered adder/accumulator following the multiply function, two pipeline stages are suggested to allow both the MREG and PREG registers to be used.  If the DSP48 was instantiated in the design, it is suggested to set both the MREG and PREG attributes to 1 when performing multiply functions.
WARNING: [DRC DPOP-4] MREG Output pipelining: DSP Conv_Acc_inst/conv_window_inst/product_reg[2] multiplier stage Conv_Acc_inst/conv_window_inst/product_reg[2]/P[47:0] is not pipelined (MREG=0). Pipelining the multiplier function will improve performance and will save significant power so it is suggested whenever possible to fully pipeline this function.  If this multiplier was inferred, it is suggested to describe an additional register stage after this function.  If there is no registered adder/accumulator following the multiply function, two pipeline stages are suggested to allow both the MREG and PREG registers to be used.  If the DSP48 was instantiated in the design, it is suggested to set both the MREG and PREG attributes to 1 when performing multiply functions.
WARNING: [DRC DPOP-4] MREG Output pipelining: DSP Conv_Acc_inst/conv_window_inst/product_reg[2]__0 multiplier stage Conv_Acc_inst/conv_window_inst/product_reg[2]__0/P[47:0] is not pipelined (MREG=0). Pipelining the multiplier function will improve performance and will save significant power so it is suggested whenever possible to fully pipeline this function.  If this multiplier was inferred, it is suggested to describe an additional register stage after this function.  If there is no registered adder/accumulator following the multiply function, two pipeline stages are suggested to allow both the MREG and PREG registers to be used.  If the DSP48 was instantiated in the design, it is suggested to set both the MREG and PREG attributes to 1 when performing multiply functions.
WARNING: [DRC DPOP-4] MREG Output pipelining: DSP Conv_Acc_inst/conv_window_inst/product_reg[3] multiplier stage Conv_Acc_inst/conv_window_inst/product_reg[3]/P[47:0] is not pipelined (MREG=0). Pipelining the multiplier function will improve performance and will save significant power so it is suggested whenever possible to fully pipeline this function.  If this multiplier was inferred, it is suggested to describe an additional register stage after this function.  If there is no registered adder/accumulator following the multiply function, two pipeline stages are suggested to allow both the MREG and PREG registers to be used.  If the DSP48 was instantiated in the design, it is suggested to set both the MREG and PREG attributes to 1 when performing multiply functions.
WARNING: [DRC DPOP-4] MREG Output pipelining: DSP Conv_Acc_inst/conv_window_inst/product_reg[3]__0 multiplier stage Conv_Acc_inst/conv_window_inst/product_reg[3]__0/P[47:0] is not pipelined (MREG=0). Pipelining the multiplier function will improve performance and will save significant power so it is suggested whenever possible to fully pipeline this function.  If this multiplier was inferred, it is suggested to describe an additional register stage after this function.  If there is no registered adder/accumulator following the multiply function, two pipeline stages are suggested to allow both the MREG and PREG registers to be used.  If the DSP48 was instantiated in the design, it is suggested to set both the MREG and PREG attributes to 1 when performing multiply functions.
WARNING: [DRC DPOP-4] MREG Output pipelining: DSP Conv_Acc_inst/conv_window_inst/product_reg[4] multiplier stage Conv_Acc_inst/conv_window_inst/product_reg[4]/P[47:0] is not pipelined (MREG=0). Pipelining the multiplier function will improve performance and will save significant power so it is suggested whenever possible to fully pipeline this function.  If this multiplier was inferred, it is suggested to describe an additional register stage after this function.  If there is no registered adder/accumulator following the multiply function, two pipeline stages are suggested to allow both the MREG and PREG registers to be used.  If the DSP48 was instantiated in the design, it is suggested to set both the MREG and PREG attributes to 1 when performing multiply functions.
WARNING: [DRC DPOP-4] MREG Output pipelining: DSP Conv_Acc_inst/conv_window_inst/product_reg[4]__0 multiplier stage Conv_Acc_inst/conv_window_inst/product_reg[4]__0/P[47:0] is not pipelined (MREG=0). Pipelining the multiplier function will improve performance and will save significant power so it is suggested whenever possible to fully pipeline this function.  If this multiplier was inferred, it is suggested to describe an additional register stage after this function.  If there is no registered adder/accumulator following the multiply function, two pipeline stages are suggested to allow both the MREG and PREG registers to be used.  If the DSP48 was instantiated in the design, it is suggested to set both the MREG and PREG attributes to 1 when performing multiply functions.
WARNING: [DRC DPOP-4] MREG Output pipelining: DSP Conv_Acc_inst/conv_window_inst/product_reg[5] multiplier stage Conv_Acc_inst/conv_window_inst/product_reg[5]/P[47:0] is not pipelined (MREG=0). Pipelining the multiplier function will improve performance and will save significant power so it is suggested whenever possible to fully pipeline this function.  If this multiplier was inferred, it is suggested to describe an additional register stage after this function.  If there is no registered adder/accumulator following the multiply function, two pipeline stages are suggested to allow both the MREG and PREG registers to be used.  If the DSP48 was instantiated in the design, it is suggested to set both the MREG and PREG attributes to 1 when performing multiply functions.
WARNING: [DRC DPOP-4] MREG Output pipelining: DSP Conv_Acc_inst/conv_window_inst/product_reg[5]__0 multiplier stage Conv_Acc_inst/conv_window_inst/product_reg[5]__0/P[47:0] is not pipelined (MREG=0). Pipelining the multiplier function will improve performance and will save significant power so it is suggested whenever possible to fully pipeline this function.  If this multiplier was inferred, it is suggested to describe an additional register stage after this function.  If there is no registered adder/accumulator following the multiply function, two pipeline stages are suggested to allow both the MREG and PREG registers to be used.  If the DSP48 was instantiated in the design, it is suggested to set both the MREG and PREG attributes to 1 when performing multiply functions.
WARNING: [DRC DPOP-4] MREG Output pipelining: DSP Conv_Acc_inst/conv_window_inst/product_reg[6] multiplier stage Conv_Acc_inst/conv_window_inst/product_reg[6]/P[47:0] is not pipelined (MREG=0). Pipelining the multiplier function will improve performance and will save significant power so it is suggested whenever possible to fully pipeline this function.  If this multiplier was inferred, it is suggested to describe an additional register stage after this function.  If there is no registered adder/accumulator following the multiply function, two pipeline stages are suggested to allow both the MREG and PREG registers to be used.  If the DSP48 was instantiated in the design, it is suggested to set both the MREG and PREG attributes to 1 when performing multiply functions.
WARNING: [DRC DPOP-4] MREG Output pipelining: DSP Conv_Acc_inst/conv_window_inst/product_reg[6]__0 multiplier stage Conv_Acc_inst/conv_window_inst/product_reg[6]__0/P[47:0] is not pipelined (MREG=0). Pipelining the multiplier function will improve performance and will save significant power so it is suggested whenever possible to fully pipeline this function.  If this multiplier was inferred, it is suggested to describe an additional register stage after this function.  If there is no registered adder/accumulator following the multiply function, two pipeline stages are suggested to allow both the MREG and PREG registers to be used.  If the DSP48 was instantiated in the design, it is suggested to set both the MREG and PREG attributes to 1 when performing multiply functions.
WARNING: [DRC DPOP-4] MREG Output pipelining: DSP Conv_Acc_inst/conv_window_inst/product_reg[7] multiplier stage Conv_Acc_inst/conv_window_inst/product_reg[7]/P[47:0] is not pipelined (MREG=0). Pipelining the multiplier function will improve performance and will save significant power so it is suggested whenever possible to fully pipeline this function.  If this multiplier was inferred, it is suggested to describe an additional register stage after this function.  If there is no registered adder/accumulator following the multiply function, two pipeline stages are suggested to allow both the MREG and PREG registers to be used.  If the DSP48 was instantiated in the design, it is suggested to set both the MREG and PREG attributes to 1 when performing multiply functions.
WARNING: [DRC DPOP-4] MREG Output pipelining: DSP Conv_Acc_inst/conv_window_inst/product_reg[7]__0 multiplier stage Conv_Acc_inst/conv_window_inst/product_reg[7]__0/P[47:0] is not pipelined (MREG=0). Pipelining the multiplier function will improve performance and will save significant power so it is suggested whenever possible to fully pipeline this function.  If this multiplier was inferred, it is suggested to describe an additional register stage after this function.  If there is no registered adder/accumulator following the multiply function, two pipeline stages are suggested to allow both the MREG and PREG registers to be used.  If the DSP48 was instantiated in the design, it is suggested to set both the MREG and PREG attributes to 1 when performing multiply functions.
WARNING: [DRC DPOP-4] MREG Output pipelining: DSP Conv_Acc_inst/conv_window_inst/product_reg[8] multiplier stage Conv_Acc_inst/conv_window_inst/product_reg[8]/P[47:0] is not pipelined (MREG=0). Pipelining the multiplier function will improve performance and will save significant power so it is suggested whenever possible to fully pipeline this function.  If this multiplier was inferred, it is suggested to describe an additional register stage after this function.  If there is no registered adder/accumulator following the multiply function, two pipeline stages are suggested to allow both the MREG and PREG registers to be used.  If the DSP48 was instantiated in the design, it is suggested to set both the MREG and PREG attributes to 1 when performing multiply functions.
WARNING: [DRC DPOP-4] MREG Output pipelining: DSP Conv_Acc_inst/conv_window_inst/product_reg[8]__0 multiplier stage Conv_Acc_inst/conv_window_inst/product_reg[8]__0/P[47:0] is not pipelined (MREG=0). Pipelining the multiplier function will improve performance and will save significant power so it is suggested whenever possible to fully pipeline this function.  If this multiplier was inferred, it is suggested to describe an additional register stage after this function.  If there is no registered adder/accumulator following the multiply function, two pipeline stages are suggested to allow both the MREG and PREG registers to be used.  If the DSP48 was instantiated in the design, it is suggested to set both the MREG and PREG attributes to 1 when performing multiply functions.
WARNING: [DRC PDCN-1569] LUT equation term check: Used physical LUT pin 'A1' of cell dbg_hub/inst/BSCANID.u_xsdbm_id/SWITCH_N_EXT_BSCAN.bscan_switch/temp_curid[31]_i_1 (pin dbg_hub/inst/BSCANID.u_xsdbm_id/SWITCH_N_EXT_BSCAN.bscan_switch/temp_curid[31]_i_1/I0) is not included in the LUT equation: 'O5=(A5*A2)+(A5*(~A2)*(~A4))+((~A5))'. If this cell is a user instantiated LUT in the design, please remove connectivity to the pin or change the equation and/or INIT string of the LUT to prevent this issue. If the cell is inferred or IP created LUT, please regenerate the IP and/or resynthesize the design to attempt to correct the issue.
WARNING: [DRC PDCN-1569] LUT equation term check: Used physical LUT pin 'A3' of cell dbg_hub/inst/BSCANID.u_xsdbm_id/SWITCH_N_EXT_BSCAN.bscan_switch/temp_curid[31]_i_1 (pin dbg_hub/inst/BSCANID.u_xsdbm_id/SWITCH_N_EXT_BSCAN.bscan_switch/temp_curid[31]_i_1/I1) is not included in the LUT equation: 'O5=(A5*A2)+(A5*(~A2)*(~A4))+((~A5))'. If this cell is a user instantiated LUT in the design, please remove connectivity to the pin or change the equation and/or INIT string of the LUT to prevent this issue. If the cell is inferred or IP created LUT, please regenerate the IP and/or resynthesize the design to attempt to correct the issue.
WARNING: [DRC PDCN-1569] LUT equation term check: Used physical LUT pin 'A3' of cell dbg_hub/inst/BSCANID.u_xsdbm_id/SWITCH_N_EXT_BSCAN.id_state[0]_i_1 (pin dbg_hub/inst/BSCANID.u_xsdbm_id/SWITCH_N_EXT_BSCAN.id_state[0]_i_1/I0) is not included in the LUT equation: 'O6=(A6+~A6)*((A5))'. If this cell is a user instantiated LUT in the design, please remove connectivity to the pin or change the equation and/or INIT string of the LUT to prevent this issue. If the cell is inferred or IP created LUT, please regenerate the IP and/or resynthesize the design to attempt to correct the issue.
WARNING: [DRC REQP-1857] RAMB18E2_writefirst_collision_advisory: Synchronous clocking is detected for BRAM (Conv_Acc_inst/conv_window_inst/fifo1/U0/inst_fifo_gen/gconvfifo.rf/grf.rf/gntv_or_sync_fifo.mem/gbm.gbmg.gbmga.ngecc.bmg/inst_blk_mem_gen/gnbram.gnativebmg.native_blk_mem_gen/valid.cstr/ramloop[0].ram.r/prim_noinit.ram/DEVICE_8SERIES.NO_BMM_INFO.SDP.WIDE_PRIM18.ram) in SDP mode with WRITE_FIRST write-mode. It is strongly suggested to change this mode to NO_CHANGE for best power characteristics. However, both WRITE_FIRST and NO_CHANGE may exhibit address collisions if the same address appears on both read and write ports resulting in unknown or corrupted read data. It is suggested to confirm via simulation that an address collision never occurs and if so it is suggested to try and avoid this situation. If address collisions cannot be avoided, the write-mode may be set to READ_FIRST which guarantees that the read data is the prior contents of the memory at the cost of additional power in the design. See the FPGA Memory Resources User Guide for additional information.
WARNING: [DRC REQP-1857] RAMB18E2_writefirst_collision_advisory: Synchronous clocking is detected for BRAM (Conv_Acc_inst/conv_window_inst/fifo2/U0/inst_fifo_gen/gconvfifo.rf/grf.rf/gntv_or_sync_fifo.mem/gbm.gbmg.gbmga.ngecc.bmg/inst_blk_mem_gen/gnbram.gnativebmg.native_blk_mem_gen/valid.cstr/ramloop[0].ram.r/prim_noinit.ram/DEVICE_8SERIES.NO_BMM_INFO.SDP.WIDE_PRIM18.ram) in SDP mode with WRITE_FIRST write-mode. It is strongly suggested to change this mode to NO_CHANGE for best power characteristics. However, both WRITE_FIRST and NO_CHANGE may exhibit address collisions if the same address appears on both read and write ports resulting in unknown or corrupted read data. It is suggested to confirm via simulation that an address collision never occurs and if so it is suggested to try and avoid this situation. If address collisions cannot be avoided, the write-mode may be set to READ_FIRST which guarantees that the read data is the prior contents of the memory at the cost of additional power in the design. See the FPGA Memory Resources User Guide for additional information.
WARNING: [DRC REQP-1935] RAMB36E2_nochange_collision_advisory: Synchronous clocking is detected for BRAM (system_i/axi_dma_0/U0/I_PRMRY_DATAMOVER/GEN_MM2S_FULL.I_MM2S_FULL_WRAPPER/GEN_INCLUDE_MM2S_SF.I_RD_SF/I_DATA_FIFO/BLK_MEM.I_SYNC_FIFOGEN_FIFO/xpm_fifo_instance.xpm_fifo_sync_inst/xpm_fifo_base_inst/gen_sdpram.xpm_memory_base_inst/gen_wr_a.gen_word_narrow.mem_reg) in SDP mode with NO_CHANGE write-mode. This is the preferred mode for best power characteristics. However, NO_CHANGE may exhibit address collisions if the same address appears on both read and write ports resulting in unknown or corrupted read data. It is suggested to confirm via simulation that an address collision never occurs and if so it is suggested to try and avoid this situation. If address collisions cannot be avoided, the write-mode may be set to READ_FIRST which guarantees that the read data is the prior contents of the memory at the cost of additional power in the design. See the FPGA Memory Resources User Guide for additional information.
WARNING: [DRC REQP-1935] RAMB36E2_nochange_collision_advisory: Synchronous clocking is detected for BRAM (system_i/axi_dma_0/U0/I_PRMRY_DATAMOVER/GEN_S2MM_FULL.I_S2MM_FULL_WRAPPER/GEN_ENABLE_INDET_BTT_SF.I_INDET_BTT/I_DATA_FIFO/BLK_MEM.I_SYNC_FIFOGEN_FIFO/xpm_fifo_instance.xpm_fifo_sync_inst/xpm_fifo_base_inst/gen_sdpram.xpm_memory_base_inst/gen_wr_a.gen_word_narrow.mem_reg) in SDP mode with NO_CHANGE write-mode. This is the preferred mode for best power characteristics. However, NO_CHANGE may exhibit address collisions if the same address appears on both read and write ports resulting in unknown or corrupted read data. It is suggested to confirm via simulation that an address collision never occurs and if so it is suggested to try and avoid this situation. If address collisions cannot be avoided, the write-mode may be set to READ_FIRST which guarantees that the read data is the prior contents of the memory at the cost of additional power in the design. See the FPGA Memory Resources User Guide for additional information.
WARNING: [DRC RTSTAT-10] No routable loads: 72 net(s) have no routable loads. The problem bus(es) and/or net(s) are dbg_hub/inst/BSCANID.u_xsdbm_id/SWITCH_N_EXT_BSCAN.bscan_inst/TMS, Conv_Acc_inst/fifo_signal_transfer_inst/U0/inst_fifo_gen/gconvfifo.rf/grf.rf/gntv_or_sync_fifo.gl0.rd/gr1.gr1_int.rfwft/aempty_fwft_i, Conv_Acc_inst/input_fifo/U0/inst_fifo_gen/gconvfifo.rf/grf.rf/gntv_or_sync_fifo.gl0.rd/gr1.gr1_int.rfwft/aempty_fwft_i, Conv_Acc_inst/conv_window_inst/fifo2/U0/inst_fifo_gen/gconvfifo.rf/grf.rf/gntv_or_sync_fifo.gl0.rd/gr1.gr1_int.rfwft/aempty_fwft_i, dbg_hub/inst/BSCANID.u_xsdbm_id/CORE_XSDB.UUT_MASTER/U_ICON_INTERFACE/U_CMD6_RD/U_RD_FIFO/SUBCORE_FIFO.xsdbm_v3_0_0_rdfifo_inst/inst_fifo_gen/gconvfifo.rf/grf.rf/gntv_or_sync_fifo.gl0.rd/gr1.gr1_int.rfwft/aempty_fwft_i, Conv_Acc_inst/conv_window_inst/fifo1/U0/inst_fifo_gen/gconvfifo.rf/grf.rf/gntv_or_sync_fifo.gl0.rd/gr1.gr1_int.rfwft/aempty_fwft_i, Conv_Acc_inst/output_fifo/U0/inst_fifo_gen/gconvfifo.rf/grf.rf/gntv_or_sync_fifo.gl0.rd/gr1.gr1_int.rfwft/aempty_fwft_i, dbg_hub/inst/BSCANID.u_xsdbm_id/CORE_XSDB.UUT_MASTER/U_ICON_INTERFACE/U_CMD7_CTL/ctl_reg[2:0], dbg_hub/inst/BSCANID.u_xsdbm_id/CORE_XSDB.UUT_MASTER/U_ICON_INTERFACE/U_CMD7_CTL/ctl_reg_en_2[1], dbg_hub/inst/BSCANID.u_xsdbm_id/CORE_XSDB.UUT_MASTER/U_ICON_INTERFACE/U_CMD1/ctl_reg_en_2[1], Conv_Acc_inst/conv_window_inst/fifo2/U0/inst_fifo_gen/gconvfifo.rf/grf.rf/gntv_or_sync_fifo.gl0.rd/gr1.gr1_int.rfwft/empty_fwft_i, Conv_Acc_inst/conv_window_inst/fifo1/U0/inst_fifo_gen/gconvfifo.rf/grf.rf/gntv_or_sync_fifo.gl0.rd/gr1.gr1_int.rfwft/empty_fwft_i, Conv_Acc_inst/fifo_signal_transfer_inst/U0/inst_fifo_gen/gconvfifo.rf/grf.rf/gntv_or_sync_fifo.gl0.rd/gr1.gr1_int.rfwft/empty_fwft_i, Conv_Acc_inst/output_fifo/U0/inst_fifo_gen/gconvfifo.rf/grf.rf/gntv_or_sync_fifo.gl0.rd/gr1.gr1_int.rfwft/empty_fwft_i, dbg_hub/inst/BSCANID.u_xsdbm_id/SWITCH_N_EXT_BSCAN.bscan_switch/m_bscan_capture[0]... and (the first 15 of 58 listed).
INFO: [DRC SECHK-3] SE Device within Line Rate Limit: The part xczu19eg_SE is limited to a total GT Line Rate of less than 500.00 Gbps. The current combined GT Line Rate is calculated to be 0.00, which is within the allowed limit.
INFO: [DRC SECHK-4] SE Device within IO Count Limit: The part xczu19eg_SE-ffvc1760-2-i is limited to a total of 700 I/Os contained within the PSS, HR, HP, and HD I/O Banks. The current use is 14, which is within the allowed limit.
INFO: [Vivado 12-3199] DRC finished with 0 Errors, 62 Warnings, 2 Advisories
INFO: [Vivado 12-3200] Please refer to the DRC report (report_drc) for more information.
INFO: [Designutils 20-2272] Running write_bitstream with 2 threads.
Loading data files...
Loading site data...
Loading route data...
Processing options...
Creating bitmap...
Creating bitstream...
Writing bitstream ./system_wrapper.bit...
Writing bitstream ./system_wrapper.bin...
INFO: [Vivado 12-1842] Bitgen Completed Successfully.
INFO: [Common 17-83] Releasing license: Implementation
51 Infos, 62 Warnings, 0 Critical Warnings and 0 Errors encountered.
write_bitstream completed successfully
write_bitstream: Time (s): cpu = 00:00:06 ; elapsed = 00:00:59 . Memory (MB): peak = 7126.227 ; gain = 521.086
INFO: [Common 17-206] Exiting Vivado at Sun Sep 20 11:08:55 2026...
